[
{
  "model": "contenttypes.contenttype",
  "fields": {
    "app_label": "admin",
    "model": "logentry"
  }
},
{
  "model": "contenttypes.contenttype",
  "fields": {
    "app_label": "auth",
    "model": "permission"
  }
},
{
  "model": "contenttypes.contenttype",
  "fields": {
    "app_label": "auth",
    "model": "group"
  }
},
{
  "model": "contenttypes.contenttype",
  "fields": {
    "app_label": "auth",
    "model": "user"
  }
},
{
  "model": "contenttypes.contenttype",
  "fields": {
    "app_label": "contenttypes",
    "model": "contenttype"
  }
},
{
  "model": "contenttypes.contenttype",
  "fields": {
    "app_label": "sessions",
    "model": "session"
  }
},
{
  "model": "contenttypes.contenttype",
  "fields": {
    "app_label": "app",
    "model": "curso"
  }
},
{
  "model": "contenttypes.contenttype",
  "fields": {
    "app_label": "app",
    "model": "avaliacao"
  }
},
{
  "model": "contenttypes.contenttype",
  "fields": {
    "app_label": "app",
    "model": "produto"
  }
},
{
  "model": "contenttypes.contenttype",
  "fields": {
    "app_label": "app",
    "model": "categoria"
  }
},
{
  "model": "contenttypes.contenttype",
  "fields": {
    "app_label": "app",
    "model": "carroproduto"
  }
},
{
  "model": "contenttypes.contenttype",
  "fields": {
    "app_label": "app",
    "model": "cliente"
  }
},
{
  "model": "contenttypes.contenttype",
  "fields": {
    "app_label": "app",
    "model": "carro"
  }
},
{
  "model": "contenttypes.contenttype",
  "fields": {
    "app_label": "app",
    "model": "pedido_order"
  }
},
{
  "model": "contenttypes.contenttype",
  "fields": {
    "app_label": "app",
    "model": "empresa"
  }
},
{
  "model": "contenttypes.contenttype",
  "fields": {
    "app_label": "app",
    "model": "admin"
  }
},
{
  "model": "contenttypes.contenttype",
  "fields": {
    "app_label": "app",
    "model": "encarte"
  }
},
{
  "model": "contenttypes.contenttype",
  "fields": {
    "app_label": "app",
    "model": "endereco"
  }
},
{
  "model": "contenttypes.contenttype",
  "fields": {
    "app_label": "app",
    "model": "banner"
  }
},
{
  "model": "contenttypes.contenttype",
  "fields": {
    "app_label": "app",
    "model": "pedido_produto"
  }
},
{
  "model": "contenttypes.contenttype",
  "fields": {
    "app_label": "pagseguro",
    "model": "checkout"
  }
},
{
  "model": "contenttypes.contenttype",
  "fields": {
    "app_label": "pagseguro",
    "model": "transaction"
  }
},
{
  "model": "contenttypes.contenttype",
  "fields": {
    "app_label": "pagseguro",
    "model": "transactionhistory"
  }
},
{
  "model": "contenttypes.contenttype",
  "fields": {
    "app_label": "app",
    "model": "fotosproduto"
  }
},
{
  "model": "contenttypes.contenttype",
  "fields": {
    "app_label": "app",
    "model": "teststatus"
  }
},
{
  "model": "contenttypes.contenttype",
  "fields": {
    "app_label": "rest_framework_api_key",
    "model": "apikey"
  }
},
{
  "model": "contenttypes.contenttype",
  "fields": {
    "app_label": "app",
    "model": "produtoapikey"
  }
},
{
  "model": "contenttypes.contenttype",
  "fields": {
    "app_label": "app",
    "model": "apikey"
  }
},
{
  "model": "contenttypes.contenttype",
  "fields": {
    "app_label": "verify_email",
    "model": "linkcounter"
  }
},
{
  "model": "sessions.session",
  "pk": "0yuc127e12zfu9cyjaph21xufjiha52h",
  "fields": {
    "session_data": "eyJjYXJyb19pZCI6OTh9:1ty9NA:mpAL6W2u9fjhLq0flp6U0h_osprH12vMBKlTC02SkRs",
    "expire_date": "2025-04-11T13:03:44.206Z"
  }
},
{
  "model": "sessions.session",
  "pk": "1o54zbqy7d3b2ctwx10phk8r8pww7ll7",
  "fields": {
    "session_data": "eyJjYXJyb19pZCI6MTAzfQ:1tybrp:kaz-5yNN6s8zkbZ-3LnxzZuXhSMjcfQBZy_NFQCisDA",
    "expire_date": "2025-04-12T19:29:17.973Z"
  }
},
{
  "model": "sessions.session",
  "pk": "1xxdijx3p7gmxuak94yk4qqm1wfc01lh",
  "fields": {
    "session_data": "eyJjYXJyb19pZCI6MTA2fQ:1tzJB7:7Z5PWR5cZVDntCVcGwPz4TD7phJhq-De7IrczNNKicY",
    "expire_date": "2025-04-14T17:44:05.097Z"
  }
},
{
  "model": "sessions.session",
  "pk": "5njib8u8ve1tk8cw7ag3a2yhzqzev829",
  "fields": {
    "session_data": ".eJxVjDsOgzAQRO_iOrLkLP6lTJ8zoPXuEpNEWDJQodw9JqKhmeK9mdkUYa2lH1ndoruoHtcl9-ss9Y-UUSeWkN4y7YJfOD2LpjItdUx6r-jDzvpRWD73o3s6yDjntu6sQ6bIQwACuZLDEGIL7kB8BzhYsAnAeAvCxAFFYmpUrGneo_r-AAgXPQQ:1tzKWz:q22x15LIgfI_TYLW6ThWjmotAvWnnYBSOvCR2BtZhhY",
    "expire_date": "2025-04-14T19:10:45.926Z"
  }
},
{
  "model": "sessions.session",
  "pk": "6b1w6fs30mcujmarotvy477ornj9hge3",
  "fields": {
    "session_data": ".eJxVjMEOwiAQRP-FsyHBLQU8evcbyLK7laqBpLQn479Lkx70Mod5b-atIm5rjluTJc6sLsqo02-XkJ5SdsAPLPeqqZZ1mZPeFX3Qpm-V5XU93L-DjC339WBHZAo8eSCQM43ofejBA4gbACcLNgEYZ0GY2KNISL0Vazp3qD5f-Ec4qA:1roDfF:cF49svPOX8Gs9Ua4AOj1PwXFD5d5MJiQAHSBxPlR9Sc",
    "expire_date": "2024-04-07T02:32:49.195Z"
  }
},
{
  "model": "sessions.session",
  "pk": "6gedtd0zr5bf3eb0cpiljlv57thyoz4l",
  "fields": {
    "session_data": "eyJjYXJyb19pZCI6MTAyfQ:1tyEaR:e92x4bMYJWY-4jM8TgeaPNm3JEUTwOU60Yb4Ql7kXlQ",
    "expire_date": "2025-04-11T18:37:47.684Z"
  }
},
{
  "model": "sessions.session",
  "pk": "7lwzexszymqbrdxjj6cpsf886sqewfex",
  "fields": {
    "session_data": "e30:1roFdc:UgRpSxs1q9va5LY-AEYWHTNOiVUIp35qey1ZGsjfb44",
    "expire_date": "2024-04-07T04:39:16.539Z"
  }
},
{
  "model": "sessions.session",
  "pk": "9y5b515dihk43b1t0xrswfpgrtu0qkwk",
  "fields": {
    "session_data": ".eJxVjDEOwyAQBP9CHSHhMwZSps8brOPuHJxEIGG7ivL34MiNmy1mdvejCGst48zqGrqLGnFb07gtUv9IGXViEekleRf8xPwomkpe6xz1XtGHXfS9sLxvR_d0kHBJbd3bAZkCTx4IpKMBvQ8tuAdxPeBkwUYA4ywIE3sUCbFRsaZ5h-r7AwVnPQA:1txlXr:jkBQD01JPHxl5TFBDonh1a6-k1qBUMryT4wOrFUp-EQ",
    "expire_date": "2025-04-10T11:37:11.305Z"
  }
},
{
  "model": "sessions.session",
  "pk": "caqc5ha50bxqzbxaa4e33klzxd1ui7t5",
  "fields": {
    "session_data": "eyJjYXJyb19pZCI6OTR9:1txae5:K6Yj9Q_x0AM6GutOmqzwqLfkcq-jAQfAh0Zb48bUzDs",
    "expire_date": "2025-04-09T23:58:53.152Z"
  }
},
{
  "model": "sessions.session",
  "pk": "cqt1xd7xee1w8dh2obb93m1zl0g7zc5n",
  "fields": {
    "session_data": "eyJjYXJyb19pZCI6OTl9:1ty9NA:V_keaTqRUQ26UnIINzFhnb7HhxAApXIAxzmI8k6OEWQ",
    "expire_date": "2025-04-11T13:03:44.821Z"
  }
},
{
  "model": "sessions.session",
  "pk": "damcmpc2bpptqvjh5yz0s7cnyy4avwas",
  "fields": {
    "session_data": ".eJxVjMEOwiAQRP-FsyHBLQU8evcbyLK7laqBpLQn479Lkx70Mod5b-atIm5rjluTJc6sLsqo02-XkJ5SdsAPLPeqqZZ1mZPeFX3Qpm-V5XU93L-DjC339WBHZAo8eSCQM43ofejBA4gbACcLNgEYZ0GY2KNISL0Vazp3qD5f-Ec4qA:1roFuZ:7iXE_JtSifXNaT5uom8sxkeFf30piqwMVmdvKnzDtGE",
    "expire_date": "2024-04-07T04:56:47.105Z"
  }
},
{
  "model": "sessions.session",
  "pk": "dk0fvmlakrqahhjogjvl99vxekvxgaa0",
  "fields": {
    "session_data": ".eJxVjMsOwiAQRf-FtSEMrwaX7v0GMsOAVA0kpV0Z_12bdKHbe865LxFxW2vcRl7izOIstBWn35EwPXLbCd-x3bpMva3LTHJX5EGHvHbOz8vh_h1UHPVbg7LEQbkwoS1YTDEAOVkFCpgmzlgA2BeGkLR2lFzyFrRnMtY5JBLvDw7dOG4:1rotpY:7aEfsUuWFDUZCiALojFHgT2G56oS8wO1dTpPIHD8vo8",
    "expire_date": "2024-04-08T23:34:16.462Z"
  }
},
{
  "model": "sessions.session",
  "pk": "ejvauor6atgss9imda353ftfl17xn07a",
  "fields": {
    "session_data": "e30:1roFMm:xwIhAcB8CLKWi0ZOk70xwklynePKoMkqP3uOOJY6Py4",
    "expire_date": "2024-04-07T04:21:52.451Z"
  }
},
{
  "model": "sessions.session",
  "pk": "f4ocj5ch9r7e944ecw9yk59vqqc8cfm3",
  "fields": {
    "session_data": "eyJjYXJyb19pZCI6OTd9:1txs3t:kQDdHW32NXC3JuN2LvTjlEeBIiK57LHAq7Ghl9fzTYY",
    "expire_date": "2025-04-10T18:34:41.389Z"
  }
},
{
  "model": "sessions.session",
  "pk": "fx66ipph2p6fr1p3x89rvm018s743khg",
  "fields": {
    "session_data": ".eJxVjMEOwiAQRP-FsyHBLQU8evcbyLK7laqBpLQn479Lkx70Mod5b-atIm5rjluTJc6sLsqo02-XkJ5SdsAPLPeqqZZ1mZPeFX3Qpm-V5XU93L-DjC339WBHZAo8eSCQM43ofejBA4gbACcLNgEYZ0GY2KNISL0Vazp3qD5f-Ec4qA:1roDbS:ijNJ4CMuQZsa6sDpjHdCPlbqJ96UuHute_S21412x_g",
    "expire_date": "2024-04-07T02:28:54.271Z"
  }
},
{
  "model": "sessions.session",
  "pk": "hjll9jwp8ryf99sjz9rkmfac2ke9a4fz",
  "fields": {
    "session_data": ".eJxVjMEOwiAQRP-FsyHBLQU8evcbyLK7laqBpLQn479Lkx70Mod5b-atIm5rjluTJc6sLsqo02-XkJ5SdsAPLPeqqZZ1mZPeFX3Qpm-V5XU93L-DjC339WBHZAo8eSCQM43ofejBA4gbACcLNgEYZ0GY2KNISL0Vazp3qD5f-Ec4qA:1tOIqz:nOOEhL17HfQnLzjs8Nh_ceIOYXglXS2xzikZds9GZ20",
    "expire_date": "2025-01-02T15:54:21.175Z"
  }
},
{
  "model": "sessions.session",
  "pk": "iqp3ish2l21h4pn9q2fqnpyrpoon4h60",
  "fields": {
    "session_data": "eyJjYXJyb19pZCI6MTAwfQ:1ty9NB:RjvF-DGtegVg_c8sm_76Fzp9g-ltzewt0uzS1RciYuA",
    "expire_date": "2025-04-11T13:03:45.026Z"
  }
},
{
  "model": "sessions.session",
  "pk": "j5dzuezepa71bfbdn5sghssn5ckfig3s",
  "fields": {
    "session_data": ".eJxVjDsOgzAQRO_iOrKwwb-U6TmDtd7dxCQRlmyootw9ENFQzps38xEItZY4kbhadxER1iXHtXH9I6GNOMEE-OJ5b-gJ86NILPNSpyR3RR5tk2Mhft8O93SQoeVtbVXoDaLXfmDqtPUm3U3vXKc8W4fDFqxNCrRywScEBsJAhhNr7QBJfH8AgDyc:1tlK1U:G7NsKUH0YHwJxTRDYxA08FGZkoL8X44jFAYsvqFDLCI",
    "expire_date": "2025-03-07T03:48:20.746Z"
  }
},
{
  "model": "sessions.session",
  "pk": "j6chu6hn38tb3gwizh1e9bekfpbals48",
  "fields": {
    "session_data": ".eJxVjMEOwiAQRP-FsyHBLQU8evcbyLK7laqBpLQn479Lkx70Mod5b-atIm5rjluTJc6sLsqo02-XkJ5SdsAPLPeqqZZ1mZPeFX3Qpm-V5XU93L-DjC339WBHZAo8eSCQM43ofejBA4gbACcLNgEYZ0GY2KNISL0Vazp3qD5f-Ec4qA:1roFS6:wnBo7975peQ9Cgcu41so-lZg2hnOockOZ462shg9XH8",
    "expire_date": "2024-04-07T04:27:22.105Z"
  }
},
{
  "model": "sessions.session",
  "pk": "jpson584mmw4zgwt325ew4bwz0idw6zf",
  "fields": {
    "session_data": ".eJxVjEEOwiAQRe_C2hBGioBL956BzDCDVA1NSrsy3l2bdKHb_977L5VwXWpau8xpZHVWR6cOvyNhfkjbCN-x3Sadp7bMI-lN0Tvt-jqxPC-7-3dQsddvHYlttJy9CcJIkk-eWCg4gYIcmKMJhgJaDxHEsi0muEEGjwAFbFHvDz-WOP0:1tOluB:QO2BXgU9dQ5jxXJPc7mG37vpimEf12HOvPI-KmINtbg",
    "expire_date": "2025-01-03T22:55:35.561Z"
  }
},
{
  "model": "sessions.session",
  "pk": "jy6kjxevb2953goklyahcpkxv3xqpmr4",
  "fields": {
    "session_data": "e30:1roE83:lYUA_tIprmOx3yd1bNF6l1dsE2vaZZnD33ZR4eYEFDM",
    "expire_date": "2024-04-07T03:02:35.565Z"
  }
},
{
  "model": "sessions.session",
  "pk": "l1rmu7pl49brqg4ff0x57j8lo1u0ay8g",
  "fields": {
    "session_data": ".eJxVjDEOwyAQBP9CHSGRMzakTJ83oOPuHJxERgK7svL34MiNmy1mdndThKXkMLG6GbiogOuSwlql_JEy6sQi0lvmXfAL52fWlOelTFHvFX3Yqh-Z5XM_uqeDhDW1dWd7ZPI8OiCQK_XonG_BHcjQAY4WbAQwgwVhYociPjYq1jQ_oPr-AACrPPk:1rhyM7:VSWPoqdtAw42XxjvNXjWsex_XQhNRbZx_r2C4pQh2cA",
    "expire_date": "2024-03-20T20:59:15.815Z"
  }
},
{
  "model": "sessions.session",
  "pk": "l7uzfjr0t42md4kygbqgfzy037ejf7jl",
  "fields": {
    "session_data": "eyJjYXJyb19pZCI6NzV9:1tw82T:KvqYVp37VDa1lzgguyRiu2zf_tN2tWenhGKZXGVIEh0",
    "expire_date": "2025-04-05T23:14:01.348Z"
  }
},
{
  "model": "sessions.session",
  "pk": "m8zuqoht8fwr6k9jvdc4z961oc87nqua",
  "fields": {
    "session_data": ".eJxVjDsOwjAQBe_iGlla_5KlpOcM1tq7JgEUS05SRdwdgtKknZn3NpWptRpHVleEi4q0LkNcZ2l_pIxXJ5gov2TaDT9pelSd67S0Mek90Yed9b2yvG9HezoYaB5-awRfjA-UpQtiA5aemcgmsURonUPHoUs2FfAmADjEjMIgvUvBUAH1-QIlHzye:1txXgy:PHsefaIturGj4cdidlq26g0JUKAfY4RIQEYkG49AcYI",
    "expire_date": "2025-04-09T20:49:40.485Z"
  }
},
{
  "model": "sessions.session",
  "pk": "mc2ovfl3q6210qv5ou0hjqelcejhc4ux",
  "fields": {
    "session_data": "eyJjYXJyb19pZCI6MTAxfQ:1tyCDf:B_XmRvtgAvcfMWY5XN6npXxgy9cOqRmOiQAztyc4TTo",
    "expire_date": "2025-04-11T16:06:07.939Z"
  }
},
{
  "model": "sessions.session",
  "pk": "mh612nkt740slp5gxekqc2vurk5b28mr",
  "fields": {
    "session_data": "e30:1roEKc:kQZLLrlT481x1-DXC-C88KX5X4kxx7OoPArvQnKmxuA",
    "expire_date": "2024-04-07T03:15:34.108Z"
  }
},
{
  "model": "sessions.session",
  "pk": "mpynp4h4p1nzwejlmi2bli86bssij1sx",
  "fields": {
    "session_data": "eyJjYXJyb19pZCI6MTA3fQ:1tzjvg:d3DmohwbcPfPOgo1xvzLtOypTS98oIOigrJREe9tSbM",
    "expire_date": "2025-04-15T22:17:56.483Z"
  }
},
{
  "model": "sessions.session",
  "pk": "oorz4pmuih0183ll0g2fv10sagrnm1io",
  "fields": {
    "session_data": ".eJxVjMEOwiAQRP-FsyHBLQU8evcbyLK7laqBpLQn479Lkx70Mod5b-atIm5rjluTJc6sLsqo02-XkJ5SdsAPLPeqqZZ1mZPeFX3Qpm-V5XU93L-DjC339WBHZAo8eSCQM43ofejBA4gbACcLNgEYZ0GY2KNISL0Vazp3qD5f-Ec4qA:1roUYw:rqM0Gv36DDOjasaQ09X286dFb8q7qy7EJm9T5ILK3gs",
    "expire_date": "2024-04-07T20:35:26.399Z"
  }
},
{
  "model": "sessions.session",
  "pk": "p1d1xafkhjgi6zkmgv8y23mx9gkl0yed",
  "fields": {
    "session_data": ".eJxVjMsOgjAURP-la9PQ0hcu3fMNzX0pqKFJgZXx3wXDhuWcOTMfRVBrySOrq3cXlWFdhrzOUv9IWa9OEIFeMu0NP2F6FE1lWuqIelf00c66Lyzv2-GeDgaYh20dTNd6omSTE25sSB7vvo2xMUlCJLeFENCANbFLSCDA1LEXFGsjEKvvD_28PJg:1tcdLl:vs_bjqK_3fBmdgy39voR1zugswl2nliId38gay7dTsM",
    "expire_date": "2025-02-11T04:37:21.173Z"
  }
},
{
  "model": "sessions.session",
  "pk": "raedcq40hqj86bw8uysz0wmabr5npfbc",
  "fields": {
    "session_data": "eyJjYXJyb19pZCI6NzZ9:1tw84Y:g9IXiWz6NQcRS-GY8TamXgVCUp-V6nYoz1OKePnP-5U",
    "expire_date": "2025-04-05T23:16:10.668Z"
  }
},
{
  "model": "sessions.session",
  "pk": "rzwgwnbfuv0f3jbbeizinhe22r12z2y5",
  "fields": {
    "session_data": "eyJjYXJyb19pZCI6MTA0fQ:1tzJB2:X1_nwmstB1iP-B5q_18LKRrc1gLmEBTgyl52u8f4q_s",
    "expire_date": "2025-04-14T17:44:00.925Z"
  }
},
{
  "model": "sessions.session",
  "pk": "s0i4wjixocpdb2jdwm80fiuexhmhoihs",
  "fields": {
    "session_data": "eyJjYXJyb19pZCI6OTB9:1txXdT:G6QdluyG1Chs9nGAsngmtpVu-IYFhJariulJqx8gqOI",
    "expire_date": "2025-04-09T20:46:03.784Z"
  }
},
{
  "model": "sessions.session",
  "pk": "ta9p503oetb8ltecfxsv15kpni6nsme1",
  "fields": {
    "session_data": "eyJjYXJyb19pZCI6OTN9:1txae4:cQVejAXGxvd9ozpHkEOukXHIA8hSATt6Y_gfl4lCQWo",
    "expire_date": "2025-04-09T23:58:52.982Z"
  }
},
{
  "model": "sessions.session",
  "pk": "tmw3o9nj96842iawahw7tg4a61drxlvi",
  "fields": {
    "session_data": "eyJjYXJyb19pZCI6MTA1fQ:1tzJB6:Q6qdgFu226cWAKWBk4uslVN5CJdR5vQJWKdAjc2USd8",
    "expire_date": "2025-04-14T17:44:04.045Z"
  }
},
{
  "model": "sessions.session",
  "pk": "u8fcnwzzcm9osc4ti9133hts6ktuujh6",
  "fields": {
    "session_data": "e30:1roEdN:V6hjHXxiAOFimCNoj4pTqsnWNMA2mK0K4zQ-h3atTnc",
    "expire_date": "2024-04-07T03:34:57.781Z"
  }
},
{
  "model": "sessions.session",
  "pk": "x0neb2rxpojyj4g4pjt0bcg48qjilj7x",
  "fields": {
    "session_data": ".eJxVjMEOwiAQRP-FsyHBLQU8evcbyLK7laqBpLQn479Lkx70Mod5b-atIm5rjluTJc6sLsqo02-XkJ5SdsAPLPeqqZZ1mZPeFX3Qpm-V5XU93L-DjC339WBHZAo8eSCQM43ofejBA4gbACcLNgEYZ0GY2KNISL0Vazp3qD5f-Ec4qA:1rlJaJ:2yY7xmpCiC_M8Tphrs2nIjWLE8PTz_COyW7daNHIp8E",
    "expire_date": "2024-03-30T02:15:43.636Z"
  }
},
{
  "model": "sessions.session",
  "pk": "x4lp97cd8xqg8dh8wq9fo54bf95za4fq",
  "fields": {
    "session_data": "eyJjYXJyb19pZCI6OTV9:1txnqQ:ojUspvFZl76YmxesWGtxTsfX0uOiMh4HvhXOEusvgck",
    "expire_date": "2025-04-10T14:04:30.037Z"
  }
},
{
  "model": "sessions.session",
  "pk": "z7szxr75hzqoshcdj7gb0t7x107pohs9",
  "fields": {
    "session_data": ".eJxVjMEOwiAQRP-FsyHBLQU8evcbyLK7laqBpLQn479Lkx70Mod5b-atIm5rjluTJc6sLsqo02-XkJ5SdsAPLPeqqZZ1mZPeFX3Qpm-V5XU93L-DjC339WBHZAo8eSCQM43ofejBA4gbACcLNgEYZ0GY2KNISL0Vazp3qD5f-Ec4qA:1tdXoG:rZrfKI5Z11Ama2ZYV5ZynAx2aZFLtg1SZ3eCY8jx-L0",
    "expire_date": "2025-02-13T16:54:32.991Z"
  }
},
{
  "model": "sessions.session",
  "pk": "z8tajllbnox0dng3t6ox41n9bbf20q86",
  "fields": {
    "session_data": "eyJjYXJyb19pZCI6Nzd9:1tw85a:MNtGuu9S_7o_xRNe1V2DUKhsm6DQ2iIy4xUvMyFnfX4",
    "expire_date": "2025-04-05T23:17:14.848Z"
  }
},
{
  "model": "sessions.session",
  "pk": "zgqo975y8zui5awjl6ieff5ll893sgu2",
  "fields": {
    "session_data": ".eJxVjs0OwiAQhN-FsyGFlj-P3vsMZFlWqRpIoD0Z391ietDjzHwzmRfzsK3Jb42qXyI7M6nY6dcMgA_KPYl3yLfCseS1LoF3hB9p43OJ9Lwc7N9Agpb2thZuVIhW2oniILVV4apGYwZhSRucdqF1ECCFcTYgEER0UVEgKQ1gH0WotXxfWvf-ACDSPKA:1twTUv:CSaK-soCa2nKdXIrqcQyeLgW804_9Y12-53AghG5Z2I",
    "expire_date": "2025-04-06T22:08:49.593Z"
  }
},
{
  "model": "sessions.session",
  "pk": "zxtag28huztbxzkik593atpamgaovozd",
  "fields": {
    "session_data": ".eJxVjDsOgzAQRO-ydWT5i3HK9DkD2rWXmCSyJQNVlLsHIhqqkd68mQ9EbK0OU4KrdRcYcF3ysM7c_gi0gxMkjC8ue5OeWB5VxFqWNpHYFXG0s7jXxO_b4Z4OMs55W3fJIyZCSy7qJJ017AyjUTKMzhtlJG2hMdDYkYwce-WNt6yIQy-7Eb4_Jsw8fA:1taMnF:n74By2upxHrM2MMvwAMcMsF2VYeZueCAu-SwlIRFoLc",
    "expire_date": "2025-02-04T22:32:21.682Z"
  }
},
{
  "model": "rest_framework_api_key.apikey",
  "pk": "83dTsOXC.pbkdf2_sha256$260000$4RATBEh8RkB9N93rtJcI5X$7YcjBPz2dQn3QJE/zCEYATDngIir1DQ5TniJ+0DekEI=",
  "fields": {
    "prefix": "83dTsOXC",
    "hashed_key": "pbkdf2_sha256$260000$4RATBEh8RkB9N93rtJcI5X$7YcjBPz2dQn3QJE/zCEYATDngIir1DQ5TniJ+0DekEI=",
    "created": "2025-03-10T16:04:19.851Z",
    "name": "TestPythonAnywhereNew",
    "revoked": false,
    "expiry_date": null
  }
},
{
  "model": "rest_framework_api_key.apikey",
  "pk": "RV0fsbEE.sha512$$f201ce4e5f4ede74a77ad3154b6bafe49d283db54db56bfaf675db483279cac3d46ffe550476771843f88af67006ac7609ea8e6fef702717592baab7525670e1",
  "fields": {
    "prefix": "RV0fsbEE",
    "hashed_key": "sha512$$f201ce4e5f4ede74a77ad3154b6bafe49d283db54db56bfaf675db483279cac3d46ffe550476771843f88af67006ac7609ea8e6fef702717592baab7525670e1",
    "created": "2025-02-24T18:54:40.820Z",
    "name": "TestNew",
    "revoked": false,
    "expiry_date": null
  }
},
{
  "model": "rest_framework_api_key.apikey",
  "pk": "Ut80LNz4.sha512$$0550e07fd52fdc06a09ed1dc7ad149e0705e7036d70c0a6f2ed5919ae2b7cfa3b5b0c132b40410084cedea8e14498dc54d1c3c2e3fe8e469528869f20ba918f3",
  "fields": {
    "prefix": "Ut80LNz4",
    "hashed_key": "sha512$$0550e07fd52fdc06a09ed1dc7ad149e0705e7036d70c0a6f2ed5919ae2b7cfa3b5b0c132b40410084cedea8e14498dc54d1c3c2e3fe8e469528869f20ba918f3",
    "created": "2025-02-17T23:04:12.870Z",
    "name": "TestKey",
    "revoked": false,
    "expiry_date": null
  }
},
{
  "model": "app.categoria",
  "pk": 3,
  "fields": {
    "titulo": "Cerâmicas",
    "slug": "ceramicas"
  }
},
{
  "model": "app.categoria",
  "pk": 4,
  "fields": {
    "titulo": "Porcelanatos",
    "slug": "porcelanatos"
  }
},
{
  "model": "app.categoria",
  "pk": 5,
  "fields": {
    "titulo": "Argamassas",
    "slug": "argamassas"
  }
},
{
  "model": "app.categoria",
  "pk": 6,
  "fields": {
    "titulo": "Rejuntes",
    "slug": "rejuntes"
  }
},
{
  "model": "app.produto",
  "pk": 10,
  "fields": {
    "codigo": "144144",
    "descricao": "PISO ALFAGRES 45700 ARBE A CX2,01 PEI4 45X45 MARANHAO",
    "codigo_GTIN": "144144",
    "preco_unitario_bruto": "21.59",
    "desconto_dinheiro": "8.00",
    "desconto_retira": "8.00",
    "unidade": "M2",
    "fechamento_embalagem": "2.01",
    "em_estoque": false,
    "slug": "144144",
    "Categoria": 3,
    "image": "produtos/144144.jpg",
    "titulo": "PISO ALFAGRES 45700 ARBE A CX2,01 PEI4 45X45 MARANHAO",
    "venda": "0.00",
    "garantia": "-",
    "return_devolucao": "-",
    "visualizacao": 37,
    "quantidade_vendas": 0,
    "num_fotos": 1
  }
},
{
  "model": "app.produto",
  "pk": 11,
  "fields": {
    "codigo": "143830",
    "descricao": "PISO ROX RX44505 A CX2,50 44X44 LB BRI NEPAL",
    "codigo_GTIN": "7899109831539",
    "preco_unitario_bruto": "30.29",
    "desconto_dinheiro": "8.00",
    "desconto_retira": "8.00",
    "unidade": "M2",
    "fechamento_embalagem": "2.50",
    "em_estoque": true,
    "slug": "143830",
    "Categoria": 3,
    "image": "produtos/143830.jpg",
    "titulo": "PISO ROX RX44505 A CX2,50 44X44 LB BRI NEPAL",
    "venda": "0.00",
    "garantia": null,
    "return_devolucao": null,
    "visualizacao": 164,
    "quantidade_vendas": 0,
    "num_fotos": 3
  }
},
{
  "model": "app.produto",
  "pk": 12,
  "fields": {
    "codigo": "142925",
    "descricao": "ARG INTERNA ACI 20KG PRAOBRA",
    "codigo_GTIN": "142925",
    "preco_unitario_bruto": "18.74",
    "desconto_dinheiro": "4.00",
    "desconto_retira": "9.00",
    "unidade": "UN",
    "fechamento_embalagem": "1.00",
    "em_estoque": true,
    "slug": "142925",
    "Categoria": 5,
    "image": "produtos/142925.jpg",
    "titulo": "Argamassa Interna ACI 20 Kg | PraObra",
    "venda": "0.00",
    "garantia": null,
    "return_devolucao": null,
    "visualizacao": 65,
    "quantidade_vendas": 0,
    "num_fotos": 1
  }
},
{
  "model": "app.produto",
  "pk": 37,
  "fields": {
    "codigo": "143556",
    "descricao": "REJ FLEX 1KG MARROM ARGAMIL 6419283",
    "codigo_GTIN": "7898924666265",
    "preco_unitario_bruto": "8.11",
    "desconto_dinheiro": "4.00",
    "desconto_retira": "5.00",
    "unidade": "UN",
    "fechamento_embalagem": "1.00",
    "em_estoque": false,
    "slug": "143556",
    "Categoria": 6,
    "image": "produtos/143556.webp",
    "titulo": "REJ FLEX 1KG MARROM ARGAMIL 6419283",
    "venda": null,
    "garantia": null,
    "return_devolucao": null,
    "visualizacao": 3,
    "quantidade_vendas": 0,
    "num_fotos": 1
  }
},
{
  "model": "app.produto",
  "pk": 38,
  "fields": {
    "codigo": "43402",
    "descricao": "GRESALATO BRANCO-35 A CX2,00 35X71 POLIDO RETIFICADO DURAGRES ESMALTADO",
    "codigo_GTIN": "7899510938254",
    "preco_unitario_bruto": "72.38",
    "desconto_dinheiro": "0.00",
    "desconto_retira": "5.00",
    "unidade": "M2",
    "fechamento_embalagem": "2.00",
    "em_estoque": false,
    "slug": "43402",
    "Categoria": 3,
    "image": "produtos/43402.webp",
    "titulo": "GRESALATO BRANCO-35 A CX2,00 35X71 POLIDO RETIFICADO DURAGRES ESMALTADO",
    "venda": null,
    "garantia": null,
    "return_devolucao": null,
    "visualizacao": 1,
    "quantidade_vendas": 0,
    "num_fotos": 1
  }
},
{
  "model": "app.produto",
  "pk": 39,
  "fields": {
    "codigo": "142233",
    "descricao": "GRESALATO ALVORADA BEGE-35 A POL CX2,00 35X71 RETIFICADO DURAGRES ESMALTADO",
    "codigo_GTIN": "7899510939053",
    "preco_unitario_bruto": "63.63",
    "desconto_dinheiro": "0.00",
    "desconto_retira": "5.00",
    "unidade": "M2",
    "fechamento_embalagem": "2.00",
    "em_estoque": false,
    "slug": "142233",
    "Categoria": 3,
    "image": "produtos/142233.webp",
    "titulo": "GRESALATO ALVORADA BEGE-35 A POL CX2,00 35X71 RETIFICADO DURAGRES ESMALTADO",
    "venda": null,
    "garantia": null,
    "return_devolucao": null,
    "visualizacao": 0,
    "quantidade_vendas": 0,
    "num_fotos": 1
  }
},
{
  "model": "app.produto",
  "pk": 40,
  "fields": {
    "codigo": "43402L",
    "descricao": "SALDÃOGRESALATO BRANCO-35 A CX2,00 35X71 POLIDO RETIFICADO DURAGRES ESMALTADO",
    "codigo_GTIN": "43402L",
    "preco_unitario_bruto": "30.62",
    "desconto_dinheiro": "10.00",
    "desconto_retira": "10.00",
    "unidade": "M2",
    "fechamento_embalagem": "2.00",
    "em_estoque": false,
    "slug": "43402L",
    "Categoria": 3,
    "image": "produtos/43402L.webp",
    "titulo": "SALDÃOGRESALATO BRANCO-35 A CX2,00 35X71 POLIDO RETIFICADO DURAGRES ESMALTADO",
    "venda": null,
    "garantia": null,
    "return_devolucao": null,
    "visualizacao": 0,
    "quantidade_vendas": 0,
    "num_fotos": 1
  }
},
{
  "model": "app.produto",
  "pk": 41,
  "fields": {
    "codigo": "142375",
    "descricao": "GRESALATO BRANCO-35 IN A CX2,00 35X71 RETIFICADO DURAGRES ESMALTADO",
    "codigo_GTIN": "7899510939145",
    "preco_unitario_bruto": "49.88",
    "desconto_dinheiro": "0.00",
    "desconto_retira": "5.00",
    "unidade": "M2",
    "fechamento_embalagem": "2.00",
    "em_estoque": false,
    "slug": "142375",
    "Categoria": 3,
    "image": "produtos/142375.webp",
    "titulo": "GRESALATO BRANCO-35 IN A CX2,00 35X71 RETIFICADO DURAGRES ESMALTADO",
    "venda": null,
    "garantia": null,
    "return_devolucao": null,
    "visualizacao": 0,
    "quantidade_vendas": 0,
    "num_fotos": 1
  }
},
{
  "model": "app.produto",
  "pk": 42,
  "fields": {
    "codigo": "142905",
    "descricao": "CRISTALATO 938000 POL A CX1,98 38X74 INCOP LC EXTRA",
    "codigo_GTIN": "7899896514486",
    "preco_unitario_bruto": "87.37",
    "desconto_dinheiro": "0.00",
    "desconto_retira": "5.00",
    "unidade": "M2",
    "fechamento_embalagem": "1.98",
    "em_estoque": false,
    "slug": "142905",
    "Categoria": 3,
    "image": "produtos/142905.webp",
    "titulo": "CRISTALATO 938000 POL A CX1,98 38X74 INCOP LC EXTRA",
    "venda": null,
    "garantia": null,
    "return_devolucao": null,
    "visualizacao": 0,
    "quantidade_vendas": 0,
    "num_fotos": 1
  }
},
{
  "model": "app.produto",
  "pk": 43,
  "fields": {
    "codigo": "142233L2",
    "descricao": "SALDÃO GRESALATO ALVORADA BEGE-35 A POL CX2,00 35X71 RETIFICADO DURAGRES ESMALTADO",
    "codigo_GTIN": "142233L2",
    "preco_unitario_bruto": "43.62",
    "desconto_dinheiro": "0.00",
    "desconto_retira": "5.00",
    "unidade": "M2",
    "fechamento_embalagem": "14.00",
    "em_estoque": false,
    "slug": "142233L2",
    "Categoria": 3,
    "image": "produtos/142233L2.webp",
    "titulo": "SALDÃO GRESALATO ALVORADA BEGE-35 A POL CX2,00 35X71 RETIFICADO DURAGRES ESMALTADO",
    "venda": null,
    "garantia": null,
    "return_devolucao": null,
    "visualizacao": 0,
    "quantidade_vendas": 0,
    "num_fotos": 1
  }
},
{
  "model": "app.produto",
  "pk": 44,
  "fields": {
    "codigo": "43226",
    "descricao": "GRESALATO CINTILANTE A CX2,00 71X71 POLIDO DURAGRES ESMALTADO",
    "codigo_GTIN": "7899510936366",
    "preco_unitario_bruto": "72.38",
    "desconto_dinheiro": "0.00",
    "desconto_retira": "5.00",
    "unidade": "M2",
    "fechamento_embalagem": "2.00",
    "em_estoque": false,
    "slug": "43226",
    "Categoria": 3,
    "image": "produtos/43226.webp",
    "titulo": "GRESALATO CINTILANTE A CX2,00 71X71 POLIDO DURAGRES ESMALTADO",
    "venda": null,
    "garantia": null,
    "return_devolucao": null,
    "visualizacao": 0,
    "quantidade_vendas": 0,
    "num_fotos": 1
  }
},
{
  "model": "app.produto",
  "pk": 46,
  "fields": {
    "codigo": "144145",
    "descricao": "PISO ALFAGRES 45902 ARBE A CX2,01 PEI2 45X45 BLACK",
    "codigo_GTIN": "144145",
    "preco_unitario_bruto": "33.19",
    "desconto_dinheiro": "8.00",
    "desconto_retira": "8.00",
    "unidade": "M2",
    "fechamento_embalagem": "2.01",
    "em_estoque": true,
    "slug": "144145",
    "Categoria": 3,
    "image": "produtos/144145.webp",
    "titulo": "PISO ALFAGRES 45902 ARBE A CX2,01 PEI2 45X45 BLACK",
    "venda": null,
    "garantia": null,
    "return_devolucao": null,
    "visualizacao": 1,
    "quantidade_vendas": 0,
    "num_fotos": 1
  }
},
{
  "model": "app.produto",
  "pk": 47,
  "fields": {
    "codigo": "Electrode",
    "descricao": "Teste 1 da api de upload em massa",
    "codigo_GTIN": "Electrode",
    "preco_unitario_bruto": "12.60",
    "desconto_dinheiro": "9.00",
    "desconto_retira": "6.00",
    "unidade": "PC",
    "fechamento_embalagem": "5.00",
    "em_estoque": true,
    "slug": "Electrode",
    "Categoria": 4,
    "image": "produtos/Electrode.webp",
    "titulo": "Teste 1 da api de upload em massa",
    "venda": null,
    "garantia": null,
    "return_devolucao": null,
    "visualizacao": 0,
    "quantidade_vendas": 0,
    "num_fotos": 1
  }
},
{
  "model": "app.produto",
  "pk": 48,
  "fields": {
    "codigo": "Garchomp",
    "descricao": "Teste 4 da api de upload em massa",
    "codigo_GTIN": "Garchomp",
    "preco_unitario_bruto": "28.45",
    "desconto_dinheiro": "3.00",
    "desconto_retira": "5.00",
    "unidade": "KG",
    "fechamento_embalagem": "3.00",
    "em_estoque": false,
    "slug": "Garchomp",
    "Categoria": 4,
    "image": "produtos/Garchomp.webp",
    "titulo": "Teste 4 da api de upload em massa",
    "venda": null,
    "garantia": null,
    "return_devolucao": null,
    "visualizacao": 0,
    "quantidade_vendas": 0,
    "num_fotos": 1
  }
},
{
  "model": "app.produto",
  "pk": 50,
  "fields": {
    "codigo": "Nidoqueen",
    "descricao": "Teste 5 da api de update em massa",
    "codigo_GTIN": "Nidoqueen",
    "preco_unitario_bruto": "69.69",
    "desconto_dinheiro": "2.00",
    "desconto_retira": "2.00",
    "unidade": "M2",
    "fechamento_embalagem": "2.00",
    "em_estoque": true,
    "slug": "Nidoqueen",
    "Categoria": 4,
    "image": "produtos/Nidoqueen.webp",
    "titulo": "Teste 5 da api de update em massa",
    "venda": null,
    "garantia": null,
    "return_devolucao": null,
    "visualizacao": 0,
    "quantidade_vendas": 0,
    "num_fotos": 1
  }
},
{
  "model": "app.produto",
  "pk": 52,
  "fields": {
    "codigo": "29142",
    "descricao": "PORC REALCE 61043 A CX1,87 LA 61X61 ALTO RELEVO",
    "codigo_GTIN": "7908114113933",
    "preco_unitario_bruto": "78.73",
    "desconto_dinheiro": "8.00",
    "desconto_retira": "6.00",
    "unidade": "M2",
    "fechamento_embalagem": "1.87",
    "em_estoque": true,
    "slug": "29142",
    "Categoria": 3,
    "image": "produtos/29142.webp",
    "titulo": "PORC REALCE 61043 A CX1,87 LA 61X61 ALTO RELEVO",
    "venda": null,
    "garantia": null,
    "return_devolucao": null,
    "visualizacao": 0,
    "quantidade_vendas": 0,
    "num_fotos": 1
  }
},
{
  "model": "app.produto",
  "pk": 53,
  "fields": {
    "codigo": "29144",
    "descricao": "PORC REALCE 61044 A CX1,87 LA 61X61 ALTO RELEVO",
    "codigo_GTIN": "7908114113964",
    "preco_unitario_bruto": "84.37",
    "desconto_dinheiro": "7.00",
    "desconto_retira": "7.00",
    "unidade": "M2",
    "fechamento_embalagem": "1.87",
    "em_estoque": true,
    "slug": "29144",
    "Categoria": 3,
    "image": "produtos/29144.webp",
    "titulo": "PORC REALCE 61044 A CX1,87 LA 61X61 ALTO RELEVO",
    "venda": null,
    "garantia": null,
    "return_devolucao": null,
    "visualizacao": 0,
    "quantidade_vendas": 0,
    "num_fotos": 1
  }
},
{
  "model": "app.produto",
  "pk": 54,
  "fields": {
    "codigo": "29147",
    "descricao": "PORC REALCE 61060 A CX1,87 LA 61X61 ALTO RELEVO",
    "codigo_GTIN": "7908114114022",
    "preco_unitario_bruto": "70.28",
    "desconto_dinheiro": "7.00",
    "desconto_retira": "7.00",
    "unidade": "M2",
    "fechamento_embalagem": "1.87",
    "em_estoque": true,
    "slug": "29147",
    "Categoria": 3,
    "image": "produtos/29147.webp",
    "titulo": "PORC REALCE 61060 A CX1,87 LA 61X61 ALTO RELEVO",
    "venda": null,
    "garantia": null,
    "return_devolucao": null,
    "visualizacao": 2,
    "quantidade_vendas": 0,
    "num_fotos": 1
  }
},
{
  "model": "app.produto",
  "pk": 55,
  "fields": {
    "codigo": "142579",
    "descricao": "PORC ROX RXAR72725 A RT CX 1,55 72X72 AC LF CITY CEMENT MIX 3D",
    "codigo_GTIN": "7899109830594",
    "preco_unitario_bruto": "61.51",
    "desconto_dinheiro": "7.00",
    "desconto_retira": "5.00",
    "unidade": "M2",
    "fechamento_embalagem": "1.55",
    "em_estoque": true,
    "slug": "142579",
    "Categoria": 3,
    "image": "produtos/142579.webp",
    "titulo": "PORC ROX RXAR72725 A RT CX 1,55 72X72 AC LF CITY CEMENT MIX 3D",
    "venda": null,
    "garantia": null,
    "return_devolucao": null,
    "visualizacao": 0,
    "quantidade_vendas": 0,
    "num_fotos": 1
  }
},
{
  "model": "app.produto",
  "pk": 56,
  "fields": {
    "codigo": "142580",
    "descricao": "PORC ROX RXAR72726 A RT CX 1,55 72X72 AC CARRARA 3D",
    "codigo_GTIN": "7899109830617",
    "preco_unitario_bruto": "66.53",
    "desconto_dinheiro": "5.00",
    "desconto_retira": "5.00",
    "unidade": "M2",
    "fechamento_embalagem": "1.55",
    "em_estoque": true,
    "slug": "142580",
    "Categoria": 3,
    "image": "produtos/142580.webp",
    "titulo": "PORC ROX RXAR72726 A RT CX 1,55 72X72 AC CARRARA 3D",
    "venda": null,
    "garantia": null,
    "return_devolucao": null,
    "visualizacao": 0,
    "quantidade_vendas": 0,
    "num_fotos": 1
  }
},
{
  "model": "app.produto",
  "pk": 57,
  "fields": {
    "codigo": "145123",
    "descricao": "PORC ROX RXAR72724 A CX1,55 72X72 AC LF BRANCO REAL 3D",
    "codigo_GTIN": "145123",
    "preco_unitario_bruto": "61.51",
    "desconto_dinheiro": "7.00",
    "desconto_retira": "5.00",
    "unidade": "M2",
    "fechamento_embalagem": "1.55",
    "em_estoque": true,
    "slug": "145123",
    "Categoria": 3,
    "image": "produtos/145123.webp",
    "titulo": "PORC ROX RXAR72724 A CX1,55 72X72 AC LF BRANCO REAL 3D",
    "venda": null,
    "garantia": null,
    "return_devolucao": null,
    "visualizacao": 2,
    "quantidade_vendas": 0,
    "num_fotos": 1
  }
},
{
  "model": "app.produto",
  "pk": 58,
  "fields": {
    "codigo": "145953",
    "descricao": "PORC REALCE 61070 A CX1,87 LA 61X61 BIANCO CALE",
    "codigo_GTIN": "145953",
    "preco_unitario_bruto": "60.42",
    "desconto_dinheiro": "7.00",
    "desconto_retira": "7.00",
    "unidade": "M2",
    "fechamento_embalagem": "1.87",
    "em_estoque": true,
    "slug": "145953",
    "Categoria": 3,
    "image": "produtos/145953.webp",
    "titulo": "PORC REALCE 61070 A CX1,87 LA 61X61 BIANCO CALE",
    "venda": null,
    "garantia": null,
    "return_devolucao": null,
    "visualizacao": 3,
    "quantidade_vendas": 0,
    "num_fotos": 1
  }
},
{
  "model": "app.produto",
  "pk": 59,
  "fields": {
    "codigo": "145954",
    "descricao": "PORC REALCE 61100 A CX1,87 LA 61X61 HD",
    "codigo_GTIN": "145954",
    "preco_unitario_bruto": "60.42",
    "desconto_dinheiro": "7.00",
    "desconto_retira": "7.00",
    "unidade": "M2",
    "fechamento_embalagem": "1.87",
    "em_estoque": true,
    "slug": "145954",
    "Categoria": 3,
    "image": "produtos/145954.webp",
    "titulo": "PORC REALCE 61100 A CX1,87 LA 61X61 HD",
    "venda": null,
    "garantia": null,
    "return_devolucao": null,
    "visualizacao": 7,
    "quantidade_vendas": 0,
    "num_fotos": 1
  }
},
{
  "model": "app.produto",
  "pk": 60,
  "fields": {
    "codigo": "142582",
    "descricao": "PISO ROX LF44080 A CX2,50 44X44 PEI 4 GRANILHADO VALENCIA",
    "codigo_GTIN": "7899109800696",
    "preco_unitario_bruto": "25.94",
    "desconto_dinheiro": "8.00",
    "desconto_retira": "8.00",
    "unidade": "M2",
    "fechamento_embalagem": "2.50",
    "em_estoque": true,
    "slug": "142582",
    "Categoria": 3,
    "image": "produtos/142582.webp",
    "titulo": "PISO ROX LF44080 A CX2,50 44X44 PEI 4 GRANILHADO VALENCIA",
    "venda": null,
    "garantia": null,
    "return_devolucao": null,
    "visualizacao": 1,
    "quantidade_vendas": 0,
    "num_fotos": 1
  }
},
{
  "model": "app.produto",
  "pk": 61,
  "fields": {
    "codigo": "143807",
    "descricao": "PISO ROX RX44513 A CX2,50 44X44 LB BRI CENIA",
    "codigo_GTIN": "7899109832109",
    "preco_unitario_bruto": "28.84",
    "desconto_dinheiro": "8.00",
    "desconto_retira": "8.00",
    "unidade": "M2",
    "fechamento_embalagem": "2.50",
    "em_estoque": true,
    "slug": "143807",
    "Categoria": 3,
    "image": "produtos/143807.webp",
    "titulo": "PISO ROX RX44513 A CX2,50 44X44 LB BRI CENIA",
    "venda": null,
    "garantia": null,
    "return_devolucao": null,
    "visualizacao": 0,
    "quantidade_vendas": 0,
    "num_fotos": 1
  }
},
{
  "model": "app.produto",
  "pk": 62,
  "fields": {
    "codigo": "143867",
    "descricao": "PISO ROX LF44494 A CX2,50 44X44 LE/LF ARENITO GRIS",
    "codigo_GTIN": "143867",
    "preco_unitario_bruto": "30.29",
    "desconto_dinheiro": "8.00",
    "desconto_retira": "8.00",
    "unidade": "M2",
    "fechamento_embalagem": "2.50",
    "em_estoque": true,
    "slug": "143867",
    "Categoria": 3,
    "image": "produtos/143867.webp",
    "titulo": "PISO ROX LF44494 A CX2,50 44X44 LE/LF ARENITO GRIS",
    "venda": null,
    "garantia": null,
    "return_devolucao": null,
    "visualizacao": 0,
    "quantidade_vendas": 0,
    "num_fotos": 1
  }
},
{
  "model": "app.produto",
  "pk": 63,
  "fields": {
    "codigo": "144141",
    "descricao": "PISO ALFAGRES CALACATA GOLD ARBE A CX2,01 PEI4 45X45",
    "codigo_GTIN": "144141",
    "preco_unitario_bruto": "28.84",
    "desconto_dinheiro": "8.00",
    "desconto_retira": "8.00",
    "unidade": "M2",
    "fechamento_embalagem": "2.01",
    "em_estoque": true,
    "slug": "144141",
    "Categoria": 3,
    "image": "produtos/144141.webp",
    "titulo": "PISO ALFAGRES CALACATA GOLD ARBE A CX2,01 PEI4 45X45",
    "venda": null,
    "garantia": null,
    "return_devolucao": null,
    "visualizacao": 0,
    "quantidade_vendas": 0,
    "num_fotos": 1
  }
},
{
  "model": "app.produto",
  "pk": 64,
  "fields": {
    "codigo": "144142",
    "descricao": "PISO ALFAGRES 45927 MARMO GREY A CX2,01 PEI4 45X45 ARBE",
    "codigo_GTIN": "144142",
    "preco_unitario_bruto": "31.74",
    "desconto_dinheiro": "8.00",
    "desconto_retira": "8.00",
    "unidade": "M2",
    "fechamento_embalagem": "2.01",
    "em_estoque": true,
    "slug": "144142",
    "Categoria": 3,
    "image": "produtos/144142.webp",
    "titulo": "PISO ALFAGRES 45927 MARMO GREY A CX2,01 PEI4 45X45 ARBE",
    "venda": null,
    "garantia": null,
    "return_devolucao": null,
    "visualizacao": 0,
    "quantidade_vendas": 0,
    "num_fotos": 1
  }
},
{
  "model": "app.produto",
  "pk": 65,
  "fields": {
    "codigo": "144482",
    "descricao": "PISO ALFAGRES SAO TOME ARBE A CX2,08 PEI4 31X31",
    "codigo_GTIN": "144482",
    "preco_unitario_bruto": "39.87",
    "desconto_dinheiro": "5.00",
    "desconto_retira": "5.00",
    "unidade": "M2",
    "fechamento_embalagem": "2.08",
    "em_estoque": true,
    "slug": "144482",
    "Categoria": 3,
    "image": "produtos/144482.webp",
    "titulo": "PISO ALFAGRES SAO TOME ARBE A CX2,08 PEI4 31X31",
    "venda": null,
    "garantia": null,
    "return_devolucao": null,
    "visualizacao": 0,
    "quantidade_vendas": 0,
    "num_fotos": 1
  }
},
{
  "model": "app.produto",
  "pk": 66,
  "fields": {
    "codigo": "144485",
    "descricao": "PISO ALFAGRES MILOS ARBE A CX2,08 PEI4 31X31",
    "codigo_GTIN": "144485",
    "preco_unitario_bruto": "39.87",
    "desconto_dinheiro": "5.00",
    "desconto_retira": "5.00",
    "unidade": "M2",
    "fechamento_embalagem": "2.08",
    "em_estoque": true,
    "slug": "144485",
    "Categoria": 3,
    "image": "produtos/144485.webp",
    "titulo": "PISO ALFAGRES MILOS ARBE A CX2,08 PEI4 31X31",
    "venda": null,
    "garantia": null,
    "return_devolucao": null,
    "visualizacao": 0,
    "quantidade_vendas": 0,
    "num_fotos": 1
  }
},
{
  "model": "app.produto",
  "pk": 67,
  "fields": {
    "codigo": "144487",
    "descricao": "PISO ALFAGRES LITHOS SILVER ARBE A CX2,01 PEI5 45X45",
    "codigo_GTIN": "144487",
    "preco_unitario_bruto": "31.74",
    "desconto_dinheiro": "8.00",
    "desconto_retira": "8.00",
    "unidade": "M2",
    "fechamento_embalagem": "2.01",
    "em_estoque": true,
    "slug": "144487",
    "Categoria": 3,
    "image": "produtos/144487.webp",
    "titulo": "PISO ALFAGRES LITHOS SILVER ARBE A CX2,01 PEI5 45X45",
    "venda": null,
    "garantia": null,
    "return_devolucao": null,
    "visualizacao": 0,
    "quantidade_vendas": 0,
    "num_fotos": 1
  }
},
{
  "model": "app.produto",
  "pk": 68,
  "fields": {
    "codigo": "144488",
    "descricao": "PISO ALFAGRES LITHOS ARBE A CX2,01 PEI5 45X45",
    "codigo_GTIN": "144488",
    "preco_unitario_bruto": "31.74",
    "desconto_dinheiro": "8.00",
    "desconto_retira": "8.00",
    "unidade": "M2",
    "fechamento_embalagem": "2.01",
    "em_estoque": true,
    "slug": "144488",
    "Categoria": 3,
    "image": "produtos/144488.webp",
    "titulo": "PISO ALFAGRES LITHOS ARBE A CX2,01 PEI5 45X45",
    "venda": null,
    "garantia": null,
    "return_devolucao": null,
    "visualizacao": 0,
    "quantidade_vendas": 0,
    "num_fotos": 1
  }
},
{
  "model": "app.produto",
  "pk": 69,
  "fields": {
    "codigo": "144734",
    "descricao": "PISO ALFAGRES CHAMPS ARBE A CX2,01 PEI5 45X45",
    "codigo_GTIN": "144734",
    "preco_unitario_bruto": "31.74",
    "desconto_dinheiro": "8.00",
    "desconto_retira": "8.00",
    "unidade": "M2",
    "fechamento_embalagem": "2.01",
    "em_estoque": true,
    "slug": "144734",
    "Categoria": 3,
    "image": "produtos/144734.webp",
    "titulo": "PISO ALFAGRES CHAMPS ARBE A CX2,01 PEI5 45X45",
    "venda": null,
    "garantia": null,
    "return_devolucao": null,
    "visualizacao": 0,
    "quantidade_vendas": 0,
    "num_fotos": 1
  }
},
{
  "model": "app.produto",
  "pk": 70,
  "fields": {
    "codigo": "145178",
    "descricao": "PISO ARTEC 53061 A CX2,03 LD 53X53 COPACABANA",
    "codigo_GTIN": "145178",
    "preco_unitario_bruto": "32.25",
    "desconto_dinheiro": "7.00",
    "desconto_retira": "7.00",
    "unidade": "M2",
    "fechamento_embalagem": "2.03",
    "em_estoque": true,
    "slug": "145178",
    "Categoria": 3,
    "image": "produtos/145178.webp",
    "titulo": "PISO ARTEC 53061 A CX2,03 LD 53X53 COPACABANA",
    "venda": null,
    "garantia": null,
    "return_devolucao": null,
    "visualizacao": 0,
    "quantidade_vendas": 0,
    "num_fotos": 1
  }
},
{
  "model": "app.produto",
  "pk": 71,
  "fields": {
    "codigo": "145357",
    "descricao": "PISO ROX RX44093 A CX2,50 AC 44X44 LC/LF VEGAS",
    "codigo_GTIN": "145357",
    "preco_unitario_bruto": "24.49",
    "desconto_dinheiro": "8.00",
    "desconto_retira": "8.00",
    "unidade": "M2",
    "fechamento_embalagem": "2.50",
    "em_estoque": true,
    "slug": "145357",
    "Categoria": 3,
    "image": "produtos/145357.webp",
    "titulo": "PISO ROX RX44093 A CX2,50 AC 44X44 LC/LF VEGAS",
    "venda": null,
    "garantia": null,
    "return_devolucao": null,
    "visualizacao": 0,
    "quantidade_vendas": 0,
    "num_fotos": 1
  }
},
{
  "model": "app.produto",
  "pk": 72,
  "fields": {
    "codigo": "145361",
    "descricao": "PISO ROX LF44495 A CX2,50 44X44 LE/LF ARENITO BEIGE",
    "codigo_GTIN": "145361",
    "preco_unitario_bruto": "28.43",
    "desconto_dinheiro": "7.00",
    "desconto_retira": "8.00",
    "unidade": "M2",
    "fechamento_embalagem": "2.50",
    "em_estoque": true,
    "slug": "145361",
    "Categoria": 3,
    "image": "produtos/145361.webp",
    "titulo": "PISO ROX LF44495 A CX2,50 44X44 LE/LF ARENITO BEIGE",
    "venda": null,
    "garantia": null,
    "return_devolucao": null,
    "visualizacao": 0,
    "quantidade_vendas": 0,
    "num_fotos": 1
  }
},
{
  "model": "app.produto",
  "pk": 73,
  "fields": {
    "codigo": "145366",
    "descricao": "PISO ALFAGRES 45416 ARBE A CX2,01 PEI3 45X45",
    "codigo_GTIN": "145366",
    "preco_unitario_bruto": "30.29",
    "desconto_dinheiro": "8.00",
    "desconto_retira": "8.00",
    "unidade": "M2",
    "fechamento_embalagem": "2.01",
    "em_estoque": true,
    "slug": "145366",
    "Categoria": 3,
    "image": "produtos/145366.webp",
    "titulo": "PISO ALFAGRES 45416 ARBE A CX2,01 PEI3 45X45",
    "venda": null,
    "garantia": null,
    "return_devolucao": null,
    "visualizacao": 0,
    "quantidade_vendas": 0,
    "num_fotos": 1
  }
},
{
  "model": "app.produto",
  "pk": 74,
  "fields": {
    "codigo": "145605",
    "descricao": "PISO ROX LF44514 A CX2,50 44X44 LB/LT BRI VERMONT",
    "codigo_GTIN": "145605",
    "preco_unitario_bruto": "32.25",
    "desconto_dinheiro": "7.00",
    "desconto_retira": "7.00",
    "unidade": "M2",
    "fechamento_embalagem": "2.50",
    "em_estoque": true,
    "slug": "145605",
    "Categoria": 3,
    "image": "produtos/145605.webp",
    "titulo": "PISO ROX LF44514 A CX2,50 44X44 LB/LT BRI VERMONT",
    "venda": null,
    "garantia": null,
    "return_devolucao": null,
    "visualizacao": 0,
    "quantidade_vendas": 0,
    "num_fotos": 1
  }
},
{
  "model": "app.produto",
  "pk": 75,
  "fields": {
    "codigo": "145610",
    "descricao": "PISO ROX LF44515 A CX2,50 44X44 LE/LF MAGMA",
    "codigo_GTIN": "145610",
    "preco_unitario_bruto": "25.94",
    "desconto_dinheiro": "8.00",
    "desconto_retira": "8.00",
    "unidade": "M2",
    "fechamento_embalagem": "2.50",
    "em_estoque": true,
    "slug": "145610",
    "Categoria": 3,
    "image": "produtos/145610.webp",
    "titulo": "PISO ROX LF44515 A CX2,50 44X44 LE/LF MAGMA",
    "venda": null,
    "garantia": null,
    "return_devolucao": null,
    "visualizacao": 0,
    "quantidade_vendas": 0,
    "num_fotos": 1
  }
},
{
  "model": "app.produto",
  "pk": 76,
  "fields": {
    "codigo": "145688",
    "descricao": "PISO ALFAGRES CALACATA GRIS ARBE A CX2,01 PEI4 45X45 BRI",
    "codigo_GTIN": "145688",
    "preco_unitario_bruto": "28.84",
    "desconto_dinheiro": "8.00",
    "desconto_retira": "8.00",
    "unidade": "M2",
    "fechamento_embalagem": "2.01",
    "em_estoque": true,
    "slug": "145688",
    "Categoria": 3,
    "image": "produtos/145688.webp",
    "titulo": "PISO ALFAGRES CALACATA GRIS ARBE A CX2,01 PEI4 45X45 BRI",
    "venda": null,
    "garantia": null,
    "return_devolucao": null,
    "visualizacao": 0,
    "quantidade_vendas": 0,
    "num_fotos": 1
  }
},
{
  "model": "app.produto",
  "pk": 77,
  "fields": {
    "codigo": "145690",
    "descricao": "PISO ALFAGRES PIETRA RUSTICA ARBE A CX2,08 PEI4 31X31",
    "codigo_GTIN": "145690",
    "preco_unitario_bruto": "39.87",
    "desconto_dinheiro": "5.00",
    "desconto_retira": "5.00",
    "unidade": "M2",
    "fechamento_embalagem": "2.08",
    "em_estoque": true,
    "slug": "145690",
    "Categoria": 3,
    "image": "produtos/145690.webp",
    "titulo": "PISO ALFAGRES PIETRA RUSTICA ARBE A CX2,08 PEI4 31X31",
    "venda": null,
    "garantia": null,
    "return_devolucao": null,
    "visualizacao": 0,
    "quantidade_vendas": 0,
    "num_fotos": 1
  }
},
{
  "model": "app.produto",
  "pk": 78,
  "fields": {
    "codigo": "145698",
    "descricao": "PISO ALFAGRES RODES ARBE A CX2,08 PEI4 31X31 MATE",
    "codigo_GTIN": "145698",
    "preco_unitario_bruto": "42.11",
    "desconto_dinheiro": "7.00",
    "desconto_retira": "7.00",
    "unidade": "M2",
    "fechamento_embalagem": "2.08",
    "em_estoque": true,
    "slug": "145698",
    "Categoria": 3,
    "image": "produtos/145698.webp",
    "titulo": "PISO ALFAGRES RODES ARBE A CX2,08 PEI4 31X31 MATE",
    "venda": null,
    "garantia": null,
    "return_devolucao": null,
    "visualizacao": 0,
    "quantidade_vendas": 0,
    "num_fotos": 1
  }
},
{
  "model": "app.produto",
  "pk": 79,
  "fields": {
    "codigo": "145725",
    "descricao": "PISO ROX RX44520 PATAGONIA A CX2,50 44X44 LC/LT",
    "codigo_GTIN": "145725",
    "preco_unitario_bruto": "32.25",
    "desconto_dinheiro": "7.00",
    "desconto_retira": "7.00",
    "unidade": "M2",
    "fechamento_embalagem": "2.50",
    "em_estoque": true,
    "slug": "145725",
    "Categoria": 3,
    "image": "produtos/145725.webp",
    "titulo": "PISO ROX RX44520 PATAGONIA A CX2,50 44X44 LC/LT",
    "venda": null,
    "garantia": null,
    "return_devolucao": null,
    "visualizacao": 0,
    "quantidade_vendas": 0,
    "num_fotos": 1
  }
},
{
  "model": "app.produto",
  "pk": 80,
  "fields": {
    "codigo": "145792",
    "descricao": "PISO ROX LF44403 A CX2,50 44X44 IBIZA LE/LF",
    "codigo_GTIN": "145792",
    "preco_unitario_bruto": "30.29",
    "desconto_dinheiro": "8.00",
    "desconto_retira": "8.00",
    "unidade": "M2",
    "fechamento_embalagem": "2.50",
    "em_estoque": true,
    "slug": "145792",
    "Categoria": 3,
    "image": "produtos/145792.webp",
    "titulo": "PISO ROX LF44403 A CX2,50 44X44 IBIZA LE/LF",
    "venda": null,
    "garantia": null,
    "return_devolucao": null,
    "visualizacao": 0,
    "quantidade_vendas": 0,
    "num_fotos": 1
  }
},
{
  "model": "app.produto",
  "pk": 81,
  "fields": {
    "codigo": "145793",
    "descricao": "PISO ROX LF44414 A CX2,50 44X44 TOSCANA BEGE LC/LF",
    "codigo_GTIN": "145793",
    "preco_unitario_bruto": "30.29",
    "desconto_dinheiro": "8.00",
    "desconto_retira": "8.00",
    "unidade": "M2",
    "fechamento_embalagem": "2.50",
    "em_estoque": true,
    "slug": "145793",
    "Categoria": 3,
    "image": "produtos/145793.webp",
    "titulo": "PISO ROX LF44414 A CX2,50 44X44 TOSCANA BEGE LC/LF",
    "venda": null,
    "garantia": null,
    "return_devolucao": null,
    "visualizacao": 0,
    "quantidade_vendas": 0,
    "num_fotos": 1
  }
},
{
  "model": "app.produto",
  "pk": 82,
  "fields": {
    "codigo": "145843",
    "descricao": "PISO ROX LF44464 A CX2,50 44X44 BRANCO NEVE LC/LF",
    "codigo_GTIN": "145843",
    "preco_unitario_bruto": "28.84",
    "desconto_dinheiro": "8.00",
    "desconto_retira": "8.00",
    "unidade": "M2",
    "fechamento_embalagem": "2.50",
    "em_estoque": true,
    "slug": "145843",
    "Categoria": 3,
    "image": "produtos/145843.webp",
    "titulo": "PISO ROX LF44464 A CX2,50 44X44 BRANCO NEVE LC/LF",
    "venda": null,
    "garantia": null,
    "return_devolucao": null,
    "visualizacao": 0,
    "quantidade_vendas": 0,
    "num_fotos": 1
  }
},
{
  "model": "app.produto",
  "pk": 83,
  "fields": {
    "codigo": "145844",
    "descricao": "PISO ROX LF44509 A CX2,50 44X44 LC/LF CIMENTO AD",
    "codigo_GTIN": "145844",
    "preco_unitario_bruto": "27.39",
    "desconto_dinheiro": "8.00",
    "desconto_retira": "8.00",
    "unidade": "M2",
    "fechamento_embalagem": "2.50",
    "em_estoque": true,
    "slug": "145844",
    "Categoria": 3,
    "image": "produtos/145844.webp",
    "titulo": "PISO ROX LF44509 A CX2,50 44X44 LC/LF CIMENTO AD",
    "venda": null,
    "garantia": null,
    "return_devolucao": null,
    "visualizacao": 0,
    "quantidade_vendas": 0,
    "num_fotos": 1
  }
},
{
  "model": "app.produto",
  "pk": 84,
  "fields": {
    "codigo": "29134",
    "descricao": "PORC REALCE 61501 HD A CX1,87 RT LC 61X61 NATIVE IMBUIA",
    "codigo_GTIN": "7898437793915",
    "preco_unitario_bruto": "61.51",
    "desconto_dinheiro": "7.00",
    "desconto_retira": "5.00",
    "unidade": "M2",
    "fechamento_embalagem": "1.87",
    "em_estoque": true,
    "slug": "29134",
    "Categoria": 4,
    "image": "produtos/29134.webp",
    "titulo": "PORC REALCE 61501 HD A CX1,87 RT LC 61X61 NATIVE IMBUIA",
    "venda": null,
    "garantia": null,
    "return_devolucao": null,
    "visualizacao": 0,
    "quantidade_vendas": 0,
    "num_fotos": 1
  }
},
{
  "model": "app.produto",
  "pk": 85,
  "fields": {
    "codigo": "29136",
    "descricao": "PORC REALCE 61010 A CX1,87 LD 61X61 CEMENT GRIGIO",
    "codigo_GTIN": "7898437792956",
    "preco_unitario_bruto": "54.66",
    "desconto_dinheiro": "7.00",
    "desconto_retira": "5.00",
    "unidade": "M2",
    "fechamento_embalagem": "1.87",
    "em_estoque": true,
    "slug": "29136",
    "Categoria": 4,
    "image": "produtos/29136.webp",
    "titulo": "PORC REALCE 61010 A CX1,87 LD 61X61 CEMENT GRIGIO",
    "venda": null,
    "garantia": null,
    "return_devolucao": null,
    "visualizacao": 0,
    "quantidade_vendas": 0,
    "num_fotos": 1
  }
},
{
  "model": "app.produto",
  "pk": 86,
  "fields": {
    "codigo": "29090",
    "descricao": "PORC REALCE 61019 A CX1,87 LD RT 61X61 CASTLE CAPRI",
    "codigo_GTIN": "7898437794004",
    "preco_unitario_bruto": "55.04",
    "desconto_dinheiro": "6.50",
    "desconto_retira": "6.00",
    "unidade": "M2",
    "fechamento_embalagem": "1.87",
    "em_estoque": true,
    "slug": "29090",
    "Categoria": 4,
    "image": "produtos/29090.webp",
    "titulo": "PORC REALCE 61019 A CX1,87 LD RT 61X61 CASTLE CAPRI",
    "venda": null,
    "garantia": null,
    "return_devolucao": null,
    "visualizacao": 0,
    "quantidade_vendas": 0,
    "num_fotos": 1
  }
},
{
  "model": "app.produto",
  "pk": 87,
  "fields": {
    "codigo": "29126",
    "descricao": "PORC REALCE 61502 A CX1,87 LD 61X61 NATIVE MARFIM",
    "codigo_GTIN": "7898437793571",
    "preco_unitario_bruto": "64.25",
    "desconto_dinheiro": "7.00",
    "desconto_retira": "5.00",
    "unidade": "M2",
    "fechamento_embalagem": "1.87",
    "em_estoque": true,
    "slug": "29126",
    "Categoria": 4,
    "image": "produtos/29126.webp",
    "titulo": "PORC REALCE 61502 A CX1,87 LD 61X61 NATIVE MARFIM",
    "venda": null,
    "garantia": null,
    "return_devolucao": null,
    "visualizacao": 0,
    "quantidade_vendas": 0,
    "num_fotos": 1
  }
},
{
  "model": "app.produto",
  "pk": 88,
  "fields": {
    "codigo": "29100",
    "descricao": "PORC REALCE 61025 HD A CX1,87 LD 61X61 CEMENT BEIGE",
    "codigo_GTIN": "7898437793793",
    "preco_unitario_bruto": "57.40",
    "desconto_dinheiro": "7.00",
    "desconto_retira": "5.00",
    "unidade": "M2",
    "fechamento_embalagem": "1.87",
    "em_estoque": true,
    "slug": "29100",
    "Categoria": 4,
    "image": "produtos/29100.webp",
    "titulo": "PORC REALCE 61025 HD A CX1,87 LD 61X61 CEMENT BEIGE",
    "venda": null,
    "garantia": null,
    "return_devolucao": null,
    "visualizacao": 0,
    "quantidade_vendas": 0,
    "num_fotos": 1
  }
},
{
  "model": "app.produto",
  "pk": 89,
  "fields": {
    "codigo": "29135",
    "descricao": "PORC REALCE 61038 A CX1,87 LC RT 61X61 CARRARA",
    "codigo_GTIN": "7908114113841",
    "preco_unitario_bruto": "56.03",
    "desconto_dinheiro": "7.00",
    "desconto_retira": "5.00",
    "unidade": "M2",
    "fechamento_embalagem": "1.87",
    "em_estoque": true,
    "slug": "29135",
    "Categoria": 4,
    "image": "produtos/29135.webp",
    "titulo": "PORC REALCE 61038 A CX1,87 LC RT 61X61 CARRARA",
    "venda": null,
    "garantia": null,
    "return_devolucao": null,
    "visualizacao": 0,
    "quantidade_vendas": 0,
    "num_fotos": 1
  }
},
{
  "model": "app.produto",
  "pk": 90,
  "fields": {
    "codigo": "142677",
    "descricao": "PORC ALMEIDA BROADWAY GREY AC RT CX2,64 81X81 LC",
    "codigo_GTIN": "142677",
    "preco_unitario_bruto": "74.53",
    "desconto_dinheiro": "5.00",
    "desconto_retira": "5.00",
    "unidade": "M2",
    "fechamento_embalagem": "2.64",
    "em_estoque": true,
    "slug": "142677",
    "Categoria": 4,
    "image": "produtos/142677.webp",
    "titulo": "PORC ALMEIDA BROADWAY GREY AC RT CX2,64 81X81 LC",
    "venda": null,
    "garantia": null,
    "return_devolucao": null,
    "visualizacao": 0,
    "quantidade_vendas": 0,
    "num_fotos": 1
  }
},
{
  "model": "app.produto",
  "pk": 91,
  "fields": {
    "codigo": "142839",
    "descricao": "PORC ALMEIDA CALACATA ORO POL RT CX2,57 80X80 LB",
    "codigo_GTIN": "142839",
    "preco_unitario_bruto": "99.87",
    "desconto_dinheiro": "5.00",
    "desconto_retira": "5.00",
    "unidade": "M2",
    "fechamento_embalagem": "2.57",
    "em_estoque": true,
    "slug": "142839",
    "Categoria": 4,
    "image": "produtos/142839.webp",
    "titulo": "PORC ALMEIDA CALACATA ORO POL RT CX2,57 80X80 LB",
    "venda": null,
    "garantia": null,
    "return_devolucao": null,
    "visualizacao": 0,
    "quantidade_vendas": 0,
    "num_fotos": 1
  }
},
{
  "model": "app.produto",
  "pk": 92,
  "fields": {
    "codigo": "143113",
    "descricao": "PORC REALCE 61202 HD A CX1,87 LC RT 61X61 MARMO CAPRI",
    "codigo_GTIN": "7908114118938",
    "preco_unitario_bruto": "61.51",
    "desconto_dinheiro": "7.00",
    "desconto_retira": "5.00",
    "unidade": "M2",
    "fechamento_embalagem": "1.87",
    "em_estoque": true,
    "slug": "143113",
    "Categoria": 4,
    "image": "produtos/143113.webp",
    "titulo": "PORC REALCE 61202 HD A CX1,87 LC RT 61X61 MARMO CAPRI",
    "venda": null,
    "garantia": null,
    "return_devolucao": null,
    "visualizacao": 0,
    "quantidade_vendas": 0,
    "num_fotos": 1
  }
},
{
  "model": "app.produto",
  "pk": 93,
  "fields": {
    "codigo": "143396",
    "descricao": "PORC REALCE 61076 HD A CX1,87 LD RT 61X61 CEMENT DARK",
    "codigo_GTIN": "7908114119263",
    "preco_unitario_bruto": "58.77",
    "desconto_dinheiro": "7.00",
    "desconto_retira": "5.00",
    "unidade": "M2",
    "fechamento_embalagem": "1.87",
    "em_estoque": true,
    "slug": "143396",
    "Categoria": 4,
    "image": "produtos/143396.webp",
    "titulo": "PORC REALCE 61076 HD A CX1,87 LD RT 61X61 CEMENT DARK",
    "venda": null,
    "garantia": null,
    "return_devolucao": null,
    "visualizacao": 0,
    "quantidade_vendas": 0,
    "num_fotos": 1
  }
},
{
  "model": "app.produto",
  "pk": 94,
  "fields": {
    "codigo": "143397",
    "descricao": "PORC REALCE 61201 HD A CX1,87 LC RT 61X61 CARRARA LUXOR",
    "codigo_GTIN": "7908114118877",
    "preco_unitario_bruto": "58.77",
    "desconto_dinheiro": "7.00",
    "desconto_retira": "5.00",
    "unidade": "M2",
    "fechamento_embalagem": "1.87",
    "em_estoque": true,
    "slug": "143397",
    "Categoria": 4,
    "image": "produtos/143397.webp",
    "titulo": "PORC REALCE 61201 HD A CX1,87 LC RT 61X61 CARRARA LUXOR",
    "venda": null,
    "garantia": null,
    "return_devolucao": null,
    "visualizacao": 1,
    "quantidade_vendas": 0,
    "num_fotos": 1
  }
},
{
  "model": "app.produto",
  "pk": 95,
  "fields": {
    "codigo": "143792",
    "descricao": "PORC REALCE 61034 HD A CX1,87 LD 61X61 CEMENT BLEND",
    "codigo_GTIN": "143792",
    "preco_unitario_bruto": "57.40",
    "desconto_dinheiro": "7.00",
    "desconto_retira": "5.00",
    "unidade": "M2",
    "fechamento_embalagem": "1.87",
    "em_estoque": true,
    "slug": "143792",
    "Categoria": 4,
    "image": "produtos/143792.webp",
    "titulo": "PORC REALCE 61034 HD A CX1,87 LD 61X61 CEMENT BLEND",
    "venda": null,
    "garantia": null,
    "return_devolucao": null,
    "visualizacao": 0,
    "quantidade_vendas": 0,
    "num_fotos": 1
  }
},
{
  "model": "app.produto",
  "pk": 96,
  "fields": {
    "codigo": "143814",
    "descricao": "PORC ROX RXAR72721 A RT CX1,55 72X72 LC AC CARRARA",
    "codigo_GTIN": "7899109829406",
    "preco_unitario_bruto": "66.99",
    "desconto_dinheiro": "7.00",
    "desconto_retira": "5.00",
    "unidade": "M2",
    "fechamento_embalagem": "1.55",
    "em_estoque": true,
    "slug": "143814",
    "Categoria": 4,
    "image": "produtos/143814.webp",
    "titulo": "PORC ROX RXAR72721 A RT CX1,55 72X72 LC AC CARRARA",
    "venda": null,
    "garantia": null,
    "return_devolucao": null,
    "visualizacao": 0,
    "quantidade_vendas": 0,
    "num_fotos": 1
  }
},
{
  "model": "app.produto",
  "pk": 97,
  "fields": {
    "codigo": "144161",
    "descricao": "PORC ROX RXAR72738 A RT CX1,55 72X72 AC LC ATLANTIS GOLDEN",
    "codigo_GTIN": "144161",
    "preco_unitario_bruto": "64.25",
    "desconto_dinheiro": "7.00",
    "desconto_retira": "5.00",
    "unidade": "M2",
    "fechamento_embalagem": "1.55",
    "em_estoque": true,
    "slug": "144161",
    "Categoria": 4,
    "image": "produtos/144161.webp",
    "titulo": "PORC ROX RXAR72738 A RT CX1,55 72X72 AC LC ATLANTIS GOLDEN",
    "venda": null,
    "garantia": null,
    "return_devolucao": null,
    "visualizacao": 0,
    "quantidade_vendas": 0,
    "num_fotos": 1
  }
},
{
  "model": "app.produto",
  "pk": 98,
  "fields": {
    "codigo": "144427",
    "descricao": "PORC ROX PTR71735 A RT CX2,52 71X71 PO LB/LR BERNINI",
    "codigo_GTIN": "144427",
    "preco_unitario_bruto": "72.08",
    "desconto_dinheiro": "7.00",
    "desconto_retira": "6.00",
    "unidade": "M2",
    "fechamento_embalagem": "2.52",
    "em_estoque": true,
    "slug": "144427",
    "Categoria": 4,
    "image": "produtos/144427.webp",
    "titulo": "PORC ROX PTR71735 A RT CX2,52 71X71 PO LB/LR BERNINI",
    "venda": null,
    "garantia": null,
    "return_devolucao": null,
    "visualizacao": 0,
    "quantidade_vendas": 0,
    "num_fotos": 1
  }
},
{
  "model": "app.produto",
  "pk": 99,
  "fields": {
    "codigo": "144543",
    "descricao": "PORC REALCE 61110 A CX1,87 LC 61X61 BIANCO",
    "codigo_GTIN": "144543",
    "preco_unitario_bruto": "61.51",
    "desconto_dinheiro": "7.00",
    "desconto_retira": "5.00",
    "unidade": "M2",
    "fechamento_embalagem": "1.87",
    "em_estoque": true,
    "slug": "144543",
    "Categoria": 4,
    "image": "produtos/144543.webp",
    "titulo": "PORC REALCE 61110 A CX1,87 LC 61X61 BIANCO",
    "venda": null,
    "garantia": null,
    "return_devolucao": null,
    "visualizacao": 0,
    "quantidade_vendas": 0,
    "num_fotos": 1
  }
},
{
  "model": "app.produto",
  "pk": 100,
  "fields": {
    "codigo": "145020",
    "descricao": "PORC REALCE 61200 A CX1,87 61X61 RT LC BIANCO",
    "codigo_GTIN": "145020",
    "preco_unitario_bruto": "61.51",
    "desconto_dinheiro": "7.00",
    "desconto_retira": "5.00",
    "unidade": "M2",
    "fechamento_embalagem": "1.87",
    "em_estoque": true,
    "slug": "145020",
    "Categoria": 4,
    "image": "produtos/145020.webp",
    "titulo": "PORC REALCE 61200 A CX1,87 61X61 RT LC BIANCO",
    "venda": null,
    "garantia": null,
    "return_devolucao": null,
    "visualizacao": 0,
    "quantidade_vendas": 0,
    "num_fotos": 1
  }
},
{
  "model": "app.produto",
  "pk": 101,
  "fields": {
    "codigo": "145021",
    "descricao": "PORC REALCE 61206 A CX1,87 LC RT 61X61 ZURIQUE",
    "codigo_GTIN": "145021",
    "preco_unitario_bruto": "57.40",
    "desconto_dinheiro": "7.00",
    "desconto_retira": "5.00",
    "unidade": "M2",
    "fechamento_embalagem": "1.87",
    "em_estoque": true,
    "slug": "145021",
    "Categoria": 4,
    "image": "produtos/145021.webp",
    "titulo": "PORC REALCE 61206 A CX1,87 LC RT 61X61 ZURIQUE",
    "venda": null,
    "garantia": null,
    "return_devolucao": null,
    "visualizacao": 0,
    "quantidade_vendas": 0,
    "num_fotos": 1
  }
},
{
  "model": "app.produto",
  "pk": 102,
  "fields": {
    "codigo": "145057",
    "descricao": "PORC REALCE 61024 A CX1,87 LD RT 61X61 CEMENT GRIGIO PURE",
    "codigo_GTIN": "145057",
    "preco_unitario_bruto": "54.66",
    "desconto_dinheiro": "7.00",
    "desconto_retira": "5.00",
    "unidade": "M2",
    "fechamento_embalagem": "1.87",
    "em_estoque": true,
    "slug": "145057",
    "Categoria": 4,
    "image": "produtos/145057.webp",
    "titulo": "PORC REALCE 61024 A CX1,87 LD RT 61X61 CEMENT GRIGIO PURE",
    "venda": null,
    "garantia": null,
    "return_devolucao": null,
    "visualizacao": 0,
    "quantidade_vendas": 0,
    "num_fotos": 1
  }
},
{
  "model": "app.produto",
  "pk": 103,
  "fields": {
    "codigo": "145104",
    "descricao": "PORC ROX RX72752 A RT CX2,59 72X72 AC LC CIMENTO URBAN",
    "codigo_GTIN": "145104",
    "preco_unitario_bruto": "58.77",
    "desconto_dinheiro": "7.00",
    "desconto_retira": "5.00",
    "unidade": "M2",
    "fechamento_embalagem": "2.59",
    "em_estoque": true,
    "slug": "145104",
    "Categoria": 4,
    "image": "produtos/145104.webp",
    "titulo": "PORC ROX RX72752 A RT CX2,59 72X72 AC LC CIMENTO URBAN",
    "venda": null,
    "garantia": null,
    "return_devolucao": null,
    "visualizacao": 0,
    "quantidade_vendas": 0,
    "num_fotos": 1
  }
},
{
  "model": "app.produto",
  "pk": 104,
  "fields": {
    "codigo": "145106",
    "descricao": "PORC ROX RXPTR71729 A RT CX2,52 71X71 LB PO CARRARA",
    "codigo_GTIN": "145106",
    "preco_unitario_bruto": "67.43",
    "desconto_dinheiro": "6.00",
    "desconto_retira": "5.00",
    "unidade": "M2",
    "fechamento_embalagem": "2.52",
    "em_estoque": true,
    "slug": "145106",
    "Categoria": 4,
    "image": "produtos/145106.webp",
    "titulo": "PORC ROX RXPTR71729 A RT CX2,52 71X71 LB PO CARRARA",
    "venda": null,
    "garantia": null,
    "return_devolucao": null,
    "visualizacao": 0,
    "quantidade_vendas": 0,
    "num_fotos": 1
  }
},
{
  "model": "app.produto",
  "pk": 105,
  "fields": {
    "codigo": "145108",
    "descricao": "PORC ROX RXAR72763 A RT CX 2,59 72X72 AC LC/LF SIRIUS GRIS",
    "codigo_GTIN": "145108",
    "preco_unitario_bruto": "66.99",
    "desconto_dinheiro": "7.00",
    "desconto_retira": "5.00",
    "unidade": "M2",
    "fechamento_embalagem": "2.59",
    "em_estoque": true,
    "slug": "145108",
    "Categoria": 4,
    "image": "produtos/145108.webp",
    "titulo": "PORC ROX RXAR72763 A RT CX 2,59 72X72 AC LC/LF SIRIUS GRIS",
    "venda": null,
    "garantia": null,
    "return_devolucao": null,
    "visualizacao": 0,
    "quantidade_vendas": 0,
    "num_fotos": 1
  }
},
{
  "model": "app.produto",
  "pk": 106,
  "fields": {
    "codigo": "145109",
    "descricao": "PORC ROX RXAR72761 A CX2,59 72X72 AC LC FENZI ACETINADO",
    "codigo_GTIN": "145109",
    "preco_unitario_bruto": "66.99",
    "desconto_dinheiro": "7.00",
    "desconto_retira": "5.00",
    "unidade": "M2",
    "fechamento_embalagem": "2.59",
    "em_estoque": true,
    "slug": "145109",
    "Categoria": 4,
    "image": "produtos/145109.webp",
    "titulo": "PORC ROX RXAR72761 A CX2,59 72X72 AC LC FENZI ACETINADO",
    "venda": null,
    "garantia": null,
    "return_devolucao": null,
    "visualizacao": 0,
    "quantidade_vendas": 0,
    "num_fotos": 1
  }
},
{
  "model": "app.produto",
  "pk": 107,
  "fields": {
    "codigo": "145125",
    "descricao": "PORC ROX RXAR72745 A RT CX2,59 72X72 LC LF AC CITY CEMENT",
    "codigo_GTIN": "145125",
    "preco_unitario_bruto": "61.51",
    "desconto_dinheiro": "7.00",
    "desconto_retira": "5.00",
    "unidade": "M2",
    "fechamento_embalagem": "2.59",
    "em_estoque": true,
    "slug": "145125",
    "Categoria": 4,
    "image": "produtos/145125.webp",
    "titulo": "PORC ROX RXAR72745 A RT CX2,59 72X72 LC LF AC CITY CEMENT",
    "venda": null,
    "garantia": null,
    "return_devolucao": null,
    "visualizacao": 0,
    "quantidade_vendas": 0,
    "num_fotos": 1
  }
},
{
  "model": "app.produto",
  "pk": 108,
  "fields": {
    "codigo": "145126",
    "descricao": "PORC ROX RXAR72748 A RT CX2,59 72X72 LE LF GRA CITY CEMENT OUT",
    "codigo_GTIN": "145126",
    "preco_unitario_bruto": "67.43",
    "desconto_dinheiro": "6.00",
    "desconto_retira": "5.00",
    "unidade": "M2",
    "fechamento_embalagem": "2.59",
    "em_estoque": true,
    "slug": "145126",
    "Categoria": 4,
    "image": "produtos/145126.webp",
    "titulo": "PORC ROX RXAR72748 A RT CX2,59 72X72 LE LF GRA CITY CEMENT OUT",
    "venda": null,
    "garantia": null,
    "return_devolucao": null,
    "visualizacao": 0,
    "quantidade_vendas": 0,
    "num_fotos": 1
  }
},
{
  "model": "app.produto",
  "pk": 109,
  "fields": {
    "codigo": "145311",
    "descricao": "PORC ROX RXAR72741 A RT CX2,59 72X72 CINZA REAL",
    "codigo_GTIN": "145311",
    "preco_unitario_bruto": "62.88",
    "desconto_dinheiro": "7.00",
    "desconto_retira": "5.00",
    "unidade": "M2",
    "fechamento_embalagem": "2.59",
    "em_estoque": true,
    "slug": "145311",
    "Categoria": 4,
    "image": "produtos/145311.webp",
    "titulo": "PORC ROX RXAR72741 A RT CX2,59 72X72 CINZA REAL",
    "venda": null,
    "garantia": null,
    "return_devolucao": null,
    "visualizacao": 0,
    "quantidade_vendas": 0,
    "num_fotos": 1
  }
},
{
  "model": "app.produto",
  "pk": 110,
  "fields": {
    "codigo": "145315",
    "descricao": "PORC ROX RXAR72747 A RT CX2,59 72X72 LC/LF AC CARRARA",
    "codigo_GTIN": "145315",
    "preco_unitario_bruto": "66.99",
    "desconto_dinheiro": "7.00",
    "desconto_retira": "5.00",
    "unidade": "M2",
    "fechamento_embalagem": "2.59",
    "em_estoque": true,
    "slug": "145315",
    "Categoria": 4,
    "image": "produtos/145315.webp",
    "titulo": "PORC ROX RXAR72747 A RT CX2,59 72X72 LC/LF AC CARRARA",
    "venda": null,
    "garantia": null,
    "return_devolucao": null,
    "visualizacao": 1,
    "quantidade_vendas": 0,
    "num_fotos": 1
  }
},
{
  "model": "app.produto",
  "pk": 111,
  "fields": {
    "codigo": "145319",
    "descricao": "PORC ROX PTR71090 A RT CX2,52 71X71 PO MICHELANGELO",
    "codigo_GTIN": "145319",
    "preco_unitario_bruto": "72.47",
    "desconto_dinheiro": "7.00",
    "desconto_retira": "5.00",
    "unidade": "M2",
    "fechamento_embalagem": "2.52",
    "em_estoque": true,
    "slug": "145319",
    "Categoria": 4,
    "image": "produtos/145319.webp",
    "titulo": "PORC ROX PTR71090 A RT CX2,52 71X71 PO MICHELANGELO",
    "venda": null,
    "garantia": null,
    "return_devolucao": null,
    "visualizacao": 2,
    "quantidade_vendas": 0,
    "num_fotos": 1
  }
},
{
  "model": "app.produto",
  "pk": 112,
  "fields": {
    "codigo": "145320",
    "descricao": "PORC ROX PTR71094 A RT CX2,52 71X71 PO ORO SUPREME",
    "codigo_GTIN": "145320",
    "preco_unitario_bruto": "76.58",
    "desconto_dinheiro": "7.00",
    "desconto_retira": "5.00",
    "unidade": "M2",
    "fechamento_embalagem": "2.52",
    "em_estoque": true,
    "slug": "145320",
    "Categoria": 4,
    "image": "produtos/145320.webp",
    "titulo": "PORC ROX PTR71094 A RT CX2,52 71X71 PO ORO SUPREME",
    "venda": null,
    "garantia": null,
    "return_devolucao": null,
    "visualizacao": 0,
    "quantidade_vendas": 0,
    "num_fotos": 1
  }
},
{
  "model": "app.produto",
  "pk": 113,
  "fields": {
    "codigo": "145353",
    "descricao": "PORC ROX AR72070 A RT AC CX1,55 72X72 ORO SUPREME",
    "codigo_GTIN": "145353",
    "preco_unitario_bruto": "66.99",
    "desconto_dinheiro": "7.00",
    "desconto_retira": "5.00",
    "unidade": "M2",
    "fechamento_embalagem": "1.55",
    "em_estoque": true,
    "slug": "145353",
    "Categoria": 4,
    "image": "produtos/145353.webp",
    "titulo": "PORC ROX AR72070 A RT AC CX1,55 72X72 ORO SUPREME",
    "venda": null,
    "garantia": null,
    "return_devolucao": null,
    "visualizacao": 0,
    "quantidade_vendas": 0,
    "num_fotos": 1
  }
},
{
  "model": "app.produto",
  "pk": 114,
  "fields": {
    "codigo": "145611",
    "descricao": "PORC ROX AR72080 A RT AC CX2,59 72X72 LC/LF CLASSIC WHITE",
    "codigo_GTIN": "145611",
    "preco_unitario_bruto": "62.88",
    "desconto_dinheiro": "7.00",
    "desconto_retira": "5.00",
    "unidade": "M2",
    "fechamento_embalagem": "2.59",
    "em_estoque": true,
    "slug": "145611",
    "Categoria": 4,
    "image": "produtos/145611.webp",
    "titulo": "PORC ROX AR72080 A RT AC CX2,59 72X72 LC/LF CLASSIC WHITE",
    "venda": null,
    "garantia": null,
    "return_devolucao": null,
    "visualizacao": 0,
    "quantidade_vendas": 0,
    "num_fotos": 1
  }
},
{
  "model": "app.produto",
  "pk": 115,
  "fields": {
    "codigo": "145613",
    "descricao": "PORC ROX AR72095 A RT AC CX2,59 72X72 LC/LF METROPOLE LIGHT",
    "codigo_GTIN": "145613",
    "preco_unitario_bruto": "68.36",
    "desconto_dinheiro": "7.00",
    "desconto_retira": "5.00",
    "unidade": "M2",
    "fechamento_embalagem": "2.59",
    "em_estoque": true,
    "slug": "145613",
    "Categoria": 4,
    "image": "produtos/145613.webp",
    "titulo": "PORC ROX AR72095 A RT AC CX2,59 72X72 LC/LF METROPOLE LIGHT",
    "venda": null,
    "garantia": null,
    "return_devolucao": null,
    "visualizacao": 0,
    "quantidade_vendas": 0,
    "num_fotos": 1
  }
},
{
  "model": "app.produto",
  "pk": 116,
  "fields": {
    "codigo": "145614",
    "descricao": "PORC ROX AR72078 A RT AC CX2,59 72X72 LC/LF CALACATA GOLD",
    "codigo_GTIN": "145614",
    "preco_unitario_bruto": "68.36",
    "desconto_dinheiro": "7.00",
    "desconto_retira": "5.00",
    "unidade": "M2",
    "fechamento_embalagem": "2.59",
    "em_estoque": true,
    "slug": "145614",
    "Categoria": 4,
    "image": "produtos/145614.webp",
    "titulo": "PORC ROX AR72078 A RT AC CX2,59 72X72 LC/LF CALACATA GOLD",
    "venda": null,
    "garantia": null,
    "return_devolucao": null,
    "visualizacao": 0,
    "quantidade_vendas": 0,
    "num_fotos": 1
  }
},
{
  "model": "app.produto",
  "pk": 117,
  "fields": {
    "codigo": "145616",
    "descricao": "PORC ROX AR72107 A RT AC CX2,59 72X72 LC/LF ORO SUPREME",
    "codigo_GTIN": "145616",
    "preco_unitario_bruto": "66.99",
    "desconto_dinheiro": "7.00",
    "desconto_retira": "5.00",
    "unidade": "M2",
    "fechamento_embalagem": "2.59",
    "em_estoque": true,
    "slug": "145616",
    "Categoria": 4,
    "image": "produtos/145616.webp",
    "titulo": "PORC ROX AR72107 A RT AC CX2,59 72X72 LC/LF ORO SUPREME",
    "venda": null,
    "garantia": null,
    "return_devolucao": null,
    "visualizacao": 0,
    "quantidade_vendas": 0,
    "num_fotos": 1
  }
},
{
  "model": "app.produto",
  "pk": 118,
  "fields": {
    "codigo": "145620",
    "descricao": "PORC ROX GRPTR71825 A CX1,51 RT PO 71X71 LB/LR ARABESCO BR",
    "codigo_GTIN": "145620",
    "preco_unitario_bruto": "88.90",
    "desconto_dinheiro": "7.00",
    "desconto_retira": "5.00",
    "unidade": "M2",
    "fechamento_embalagem": "1.51",
    "em_estoque": true,
    "slug": "145620",
    "Categoria": 4,
    "image": "produtos/145620.webp",
    "titulo": "PORC ROX GRPTR71825 A CX1,51 RT PO 71X71 LB/LR ARABESCO BR",
    "venda": null,
    "garantia": null,
    "return_devolucao": null,
    "visualizacao": 1,
    "quantidade_vendas": 0,
    "num_fotos": 1
  }
},
{
  "model": "app.produto",
  "pk": 119,
  "fields": {
    "codigo": "145621",
    "descricao": "PORC ROX PTR71099 A CX2,52 RT PO 71X71 LB/LR RAVENNA MARFIM",
    "codigo_GTIN": "145621",
    "preco_unitario_bruto": "88.90",
    "desconto_dinheiro": "7.00",
    "desconto_retira": "5.00",
    "unidade": "M2",
    "fechamento_embalagem": "2.52",
    "em_estoque": true,
    "slug": "145621",
    "Categoria": 4,
    "image": "produtos/145621.webp",
    "titulo": "PORC ROX PTR71099 A CX2,52 RT PO 71X71 LB/LR RAVENNA MARFIM",
    "venda": null,
    "garantia": null,
    "return_devolucao": null,
    "visualizacao": 0,
    "quantidade_vendas": 0,
    "num_fotos": 1
  }
},
{
  "model": "app.produto",
  "pk": 120,
  "fields": {
    "codigo": "145622",
    "descricao": "PORC ROX PTR71095 A CX2,52 RT PO 71X71 LB/LR PULPIS CREMA",
    "codigo_GTIN": "145622",
    "preco_unitario_bruto": "88.90",
    "desconto_dinheiro": "7.00",
    "desconto_retira": "5.00",
    "unidade": "M2",
    "fechamento_embalagem": "2.52",
    "em_estoque": true,
    "slug": "145622",
    "Categoria": 4,
    "image": "produtos/145622.webp",
    "titulo": "PORC ROX PTR71095 A CX2,52 RT PO 71X71 LB/LR PULPIS CREMA",
    "venda": null,
    "garantia": null,
    "return_devolucao": null,
    "visualizacao": 0,
    "quantidade_vendas": 0,
    "num_fotos": 1
  }
},
{
  "model": "app.produto",
  "pk": 121,
  "fields": {
    "codigo": "145638",
    "descricao": "PORC ROX PTR71005 A RT CX1,51 71X71 PO LB/LR CREMA ORION",
    "codigo_GTIN": "145638",
    "preco_unitario_bruto": "88.90",
    "desconto_dinheiro": "7.00",
    "desconto_retira": "5.00",
    "unidade": "M2",
    "fechamento_embalagem": "1.51",
    "em_estoque": true,
    "slug": "145638",
    "Categoria": 4,
    "image": "produtos/145638.webp",
    "titulo": "PORC ROX PTR71005 A RT CX1,51 71X71 PO LB/LR CREMA ORION",
    "venda": null,
    "garantia": null,
    "return_devolucao": null,
    "visualizacao": 0,
    "quantidade_vendas": 0,
    "num_fotos": 1
  }
},
{
  "model": "app.produto",
  "pk": 122,
  "fields": {
    "codigo": "145639",
    "descricao": "PORC ROX PTR71084 A RT CX2,52 71X71 PO LB/LR CALACATA GOLD",
    "codigo_GTIN": "145639",
    "preco_unitario_bruto": "77.95",
    "desconto_dinheiro": "7.00",
    "desconto_retira": "5.00",
    "unidade": "M2",
    "fechamento_embalagem": "2.52",
    "em_estoque": true,
    "slug": "145639",
    "Categoria": 4,
    "image": "produtos/145639.webp",
    "titulo": "PORC ROX PTR71084 A RT CX2,52 71X71 PO LB/LR CALACATA GOLD",
    "venda": null,
    "garantia": null,
    "return_devolucao": null,
    "visualizacao": 2,
    "quantidade_vendas": 0,
    "num_fotos": 1
  }
},
{
  "model": "app.produto",
  "pk": 123,
  "fields": {
    "codigo": "145774",
    "descricao": "PORC ROX PTR71079 A CX2,52 RT PO 71X71 LB/LR CLASSIC WHITE",
    "codigo_GTIN": "145774",
    "preco_unitario_bruto": "72.47",
    "desconto_dinheiro": "7.00",
    "desconto_retira": "5.00",
    "unidade": "M2",
    "fechamento_embalagem": "2.52",
    "em_estoque": true,
    "slug": "145774",
    "Categoria": 4,
    "image": "produtos/145774.webp",
    "titulo": "PORC ROX PTR71079 A CX2,52 RT PO 71X71 LB/LR CLASSIC WHITE",
    "venda": null,
    "garantia": null,
    "return_devolucao": null,
    "visualizacao": 0,
    "quantidade_vendas": 0,
    "num_fotos": 1
  }
},
{
  "model": "app.produto",
  "pk": 124,
  "fields": {
    "codigo": "145779",
    "descricao": "PORC ROX AR72085 A RT AC CX2,59 72X72 METROPOLE CEMENT OUT LE/LF",
    "codigo_GTIN": "145779",
    "preco_unitario_bruto": "68.36",
    "desconto_dinheiro": "6.00",
    "desconto_retira": "6.00",
    "unidade": "M2",
    "fechamento_embalagem": "2.59",
    "em_estoque": true,
    "slug": "145779",
    "Categoria": 4,
    "image": "produtos/145779.webp",
    "titulo": "PORC ROX AR72085 A RT AC CX2,59 72X72 METROPOLE CEMENT OUT LE/LF",
    "venda": null,
    "garantia": null,
    "return_devolucao": null,
    "visualizacao": 0,
    "quantidade_vendas": 0,
    "num_fotos": 1
  }
},
{
  "model": "app.produto",
  "pk": 125,
  "fields": {
    "codigo": "145840",
    "descricao": "PORC ALMEIDA BROADWAY GREY PO RT CX2,57 80X80 LB",
    "codigo_GTIN": "145840",
    "preco_unitario_bruto": "101.20",
    "desconto_dinheiro": "5.00",
    "desconto_retira": "5.00",
    "unidade": "M2",
    "fechamento_embalagem": "2.57",
    "em_estoque": true,
    "slug": "145840",
    "Categoria": 4,
    "image": "produtos/145840.webp",
    "titulo": "PORC ALMEIDA BROADWAY GREY PO RT CX2,57 80X80 LB",
    "venda": null,
    "garantia": null,
    "return_devolucao": null,
    "visualizacao": 1,
    "quantidade_vendas": 0,
    "num_fotos": 1
  }
},
{
  "model": "app.produto",
  "pk": 126,
  "fields": {
    "codigo": "145841",
    "descricao": "PORC ALMEIDA TOQUIO ICE AC CX2,86 120X120 LC",
    "codigo_GTIN": "145841",
    "preco_unitario_bruto": "106.53",
    "desconto_dinheiro": "5.00",
    "desconto_retira": "5.00",
    "unidade": "M2",
    "fechamento_embalagem": "2.86",
    "em_estoque": true,
    "slug": "145841",
    "Categoria": 4,
    "image": "produtos/145841.webp",
    "titulo": "PORC ALMEIDA TOQUIO ICE AC CX2,86 120X120 LC",
    "venda": null,
    "garantia": null,
    "return_devolucao": null,
    "visualizacao": 0,
    "quantidade_vendas": 0,
    "num_fotos": 1
  }
},
{
  "model": "app.produto",
  "pk": 127,
  "fields": {
    "codigo": "145881",
    "descricao": "PORC ROX AR72083 A RT AC CX2,59 72X72 LC/LF METROPOLE BEIGE",
    "codigo_GTIN": "145881",
    "preco_unitario_bruto": "70.28",
    "desconto_dinheiro": "7.00",
    "desconto_retira": "7.00",
    "unidade": "M2",
    "fechamento_embalagem": "2.59",
    "em_estoque": true,
    "slug": "145881",
    "Categoria": 4,
    "image": "produtos/145881.webp",
    "titulo": "PORC ROX AR72083 A RT AC CX2,59 72X72 LC/LF METROPOLE BEIGE",
    "venda": null,
    "garantia": null,
    "return_devolucao": null,
    "visualizacao": 0,
    "quantidade_vendas": 0,
    "num_fotos": 1
  }
},
{
  "model": "app.produto",
  "pk": 128,
  "fields": {
    "codigo": "145893",
    "descricao": "PORC ROX AR72096 A RT AC CX2,59 72X72 METROPOLE CEMENT LC/LF",
    "codigo_GTIN": "145893",
    "preco_unitario_bruto": "68.36",
    "desconto_dinheiro": "6.00",
    "desconto_retira": "6.00",
    "unidade": "M2",
    "fechamento_embalagem": "2.59",
    "em_estoque": true,
    "slug": "145893",
    "Categoria": 4,
    "image": "produtos/145893.webp",
    "titulo": "PORC ROX AR72096 A RT AC CX2,59 72X72 METROPOLE CEMENT LC/LF",
    "venda": null,
    "garantia": null,
    "return_devolucao": null,
    "visualizacao": 1,
    "quantidade_vendas": 0,
    "num_fotos": 1
  }
},
{
  "model": "app.produto",
  "pk": 129,
  "fields": {
    "codigo": "145897",
    "descricao": "PORC ALMEIDA CALACATA LIGHT AC CX2,86 120X120 LC",
    "codigo_GTIN": "145897",
    "preco_unitario_bruto": "106.53",
    "desconto_dinheiro": "5.00",
    "desconto_retira": "5.00",
    "unidade": "M2",
    "fechamento_embalagem": "2.86",
    "em_estoque": true,
    "slug": "145897",
    "Categoria": 4,
    "image": "produtos/145897.webp",
    "titulo": "PORC ALMEIDA CALACATA LIGHT AC CX2,86 120X120 LC",
    "venda": null,
    "garantia": null,
    "return_devolucao": null,
    "visualizacao": 1,
    "quantidade_vendas": 0,
    "num_fotos": 1
  }
},
{
  "model": "app.produto",
  "pk": 130,
  "fields": {
    "codigo": "145898",
    "descricao": "PORC ALMEIDA CALACATA ORO AC RT CX2,64 81X81 LC",
    "codigo_GTIN": "145898",
    "preco_unitario_bruto": "74.53",
    "desconto_dinheiro": "5.00",
    "desconto_retira": "5.00",
    "unidade": "M2",
    "fechamento_embalagem": "2.64",
    "em_estoque": true,
    "slug": "145898",
    "Categoria": 4,
    "image": "produtos/145898.webp",
    "titulo": "PORC ALMEIDA CALACATA ORO AC RT CX2,64 81X81 LC",
    "venda": null,
    "garantia": null,
    "return_devolucao": null,
    "visualizacao": 1,
    "quantidade_vendas": 0,
    "num_fotos": 1
  }
},
{
  "model": "app.produto",
  "pk": 131,
  "fields": {
    "codigo": "145899",
    "descricao": "PORC ALMEIDA CALACATA LIGHT POL CX2,83 119X119 LB",
    "codigo_GTIN": "145899",
    "preco_unitario_bruto": "119.87",
    "desconto_dinheiro": "5.00",
    "desconto_retira": "5.00",
    "unidade": "M2",
    "fechamento_embalagem": "2.83",
    "em_estoque": true,
    "slug": "145899",
    "Categoria": 4,
    "image": "produtos/145899.webp",
    "titulo": "PORC ALMEIDA CALACATA LIGHT POL CX2,83 119X119 LB",
    "venda": null,
    "garantia": null,
    "return_devolucao": null,
    "visualizacao": 0,
    "quantidade_vendas": 0,
    "num_fotos": 1
  }
},
{
  "model": "app.fotosproduto",
  "pk": 19,
  "fields": {
    "produto": 11,
    "image": "produtos/14138664-1600-1600.webp",
    "img_num": 2
  }
},
{
  "model": "app.fotosproduto",
  "pk": 20,
  "fields": {
    "produto": 11,
    "image": "produtos/14342607-1600-1600.webp",
    "img_num": 3
  }
},
{
  "model": "app.endereco",
  "pk": 1,
  "fields": {
    "cliente": 16,
    "titulo": "casa",
    "cep": "25953-380",
    "estado": "RJ",
    "cidade": "Teresópolis",
    "bairro": "Várzea",
    "rua": "Rua Padre Tintorio",
    "numero": "408",
    "complemento": "casa 13"
  }
},
{
  "model": "app.endereco",
  "pk": 2,
  "fields": {
    "cliente": 16,
    "titulo": "casa do caralho",
    "cep": "25953-370",
    "estado": "RJ",
    "cidade": "Teresópolis",
    "bairro": "Parque São Luiz",
    "rua": "Rua Oswaldo Cruz",
    "numero": "1001",
    "complemento": "atrás do cemitério indigena, bem do lado do bar"
  }
},
{
  "model": "app.endereco",
  "pk": 7,
  "fields": {
    "cliente": 16,
    "titulo": "Country core funeral",
    "cep": "25953-380",
    "estado": "RJ",
    "cidade": "Teresópolis",
    "bairro": "Várzea",
    "rua": "Rua Padre Tintorio",
    "numero": "408",
    "complemento": "Siga pela estrada da fazenda abandonada, até o velho cemitério atrás do chaparral, vai ver uma cruz invertida na entrada da casa derrubada."
  }
},
{
  "model": "app.endereco",
  "pk": 21,
  "fields": {
    "cliente": 19,
    "titulo": "Casa HG - Atacadão Dos Pisos",
    "cep": "25975-440",
    "estado": "RJ",
    "cidade": "Teresópolis",
    "bairro": "Prata",
    "rua": "Estrada Teresópolis Friburgo",
    "numero": null,
    "complemento": "KM 0"
  }
},
{
  "model": "app.endereco",
  "pk": 22,
  "fields": {
    "cliente": 19,
    "titulo": "Casa HG – Magé/Guapimirim",
    "cep": "25940-000",
    "estado": "RJ",
    "cidade": "Teresópolis",
    "bairro": "Guapimirim",
    "rua": "Avenida do Sol",
    "numero": "880",
    "complemento": "Fazenda Santa Ines"
  }
},
{
  "model": "app.endereco",
  "pk": 57,
  "fields": {
    "cliente": 19,
    "titulo": "Casa HG - Várzea",
    "cep": "25976-025",
    "estado": "RJ",
    "cidade": "Teresópolis",
    "bairro": "Várzea",
    "rua": "Rua Manoel José Lebrão",
    "numero": "891",
    "complemento": null
  }
},
{
  "model": "app.endereco",
  "pk": 58,
  "fields": {
    "cliente": 17,
    "titulo": "Test",
    "cep": "22441-030",
    "estado": "RJ",
    "cidade": "Rio de Janeiro",
    "bairro": "Leblon",
    "rua": "Rua Cupertino Durão",
    "numero": "84",
    "complemento": "Apt 201"
  }
},
{
  "model": "app.carro",
  "pk": 14,
  "fields": {
    "cliente": null,
    "total": "470.00",
    "criado_em": "2024-03-06T21:00:37.853Z"
  }
},
{
  "model": "app.carro",
  "pk": 15,
  "fields": {
    "cliente": null,
    "total": "280.00",
    "criado_em": "2024-03-06T21:04:50.712Z"
  }
},
{
  "model": "app.carro",
  "pk": 16,
  "fields": {
    "cliente": null,
    "total": "470.00",
    "criado_em": "2024-03-06T21:06:22.965Z"
  }
},
{
  "model": "app.carro",
  "pk": 17,
  "fields": {
    "cliente": null,
    "total": "10.00",
    "criado_em": "2024-03-07T16:22:14.291Z"
  }
},
{
  "model": "app.carro",
  "pk": 18,
  "fields": {
    "cliente": null,
    "total": "4300.00",
    "criado_em": "2024-03-07T19:18:59.174Z"
  }
},
{
  "model": "app.carro",
  "pk": 19,
  "fields": {
    "cliente": null,
    "total": "1510.00",
    "criado_em": "2024-03-07T19:34:17.986Z"
  }
},
{
  "model": "app.carro",
  "pk": 20,
  "fields": {
    "cliente": null,
    "total": "190.00",
    "criado_em": "2024-03-07T19:50:37.153Z"
  }
},
{
  "model": "app.carro",
  "pk": 21,
  "fields": {
    "cliente": null,
    "total": "2800.00",
    "criado_em": "2024-03-08T17:40:08.690Z"
  }
},
{
  "model": "app.carro",
  "pk": 22,
  "fields": {
    "cliente": null,
    "total": "460.00",
    "criado_em": "2024-03-11T15:52:55.844Z"
  }
},
{
  "model": "app.carro",
  "pk": 23,
  "fields": {
    "cliente": 16,
    "total": "50.00",
    "criado_em": "2024-12-19T15:22:08.236Z"
  }
},
{
  "model": "app.carro",
  "pk": 24,
  "fields": {
    "cliente": 17,
    "total": "250.00",
    "criado_em": "2024-12-28T01:14:24.102Z"
  }
},
{
  "model": "app.carro",
  "pk": 26,
  "fields": {
    "cliente": 17,
    "total": "0.00",
    "criado_em": "2025-01-03T04:09:53.730Z"
  }
},
{
  "model": "app.carro",
  "pk": 27,
  "fields": {
    "cliente": 17,
    "total": "110.00",
    "criado_em": "2025-01-03T04:13:03.978Z"
  }
},
{
  "model": "app.carro",
  "pk": 28,
  "fields": {
    "cliente": 20,
    "total": "100.00",
    "criado_em": "2025-01-06T17:47:01.898Z"
  }
},
{
  "model": "app.carro",
  "pk": 29,
  "fields": {
    "cliente": 17,
    "total": "400.00",
    "criado_em": "2025-01-06T17:47:42.357Z"
  }
},
{
  "model": "app.carro",
  "pk": 30,
  "fields": {
    "cliente": 17,
    "total": "0.00",
    "criado_em": "2025-01-08T20:38:12.532Z"
  }
},
{
  "model": "app.carro",
  "pk": 31,
  "fields": {
    "cliente": 17,
    "total": "0.00",
    "criado_em": "2025-01-08T21:33:33.704Z"
  }
},
{
  "model": "app.carro",
  "pk": 32,
  "fields": {
    "cliente": 17,
    "total": "0.00",
    "criado_em": "2025-01-08T21:44:20.338Z"
  }
},
{
  "model": "app.carro",
  "pk": 33,
  "fields": {
    "cliente": 17,
    "total": "0.00",
    "criado_em": "2025-01-08T21:51:06.755Z"
  }
},
{
  "model": "app.carro",
  "pk": 34,
  "fields": {
    "cliente": 17,
    "total": "100.00",
    "criado_em": "2025-01-08T21:56:24.591Z"
  }
},
{
  "model": "app.carro",
  "pk": 35,
  "fields": {
    "cliente": 17,
    "total": "10750.00",
    "criado_em": "2025-01-10T05:05:46.719Z"
  }
},
{
  "model": "app.carro",
  "pk": 36,
  "fields": {
    "cliente": 17,
    "total": "10.00",
    "criado_em": "2025-01-10T20:11:44.651Z"
  }
},
{
  "model": "app.carro",
  "pk": 37,
  "fields": {
    "cliente": 17,
    "total": "100.00",
    "criado_em": "2025-01-13T19:50:23.697Z"
  }
},
{
  "model": "app.carro",
  "pk": 38,
  "fields": {
    "cliente": 17,
    "total": "2800.00",
    "criado_em": "2025-01-13T19:51:59.305Z"
  }
},
{
  "model": "app.carro",
  "pk": 39,
  "fields": {
    "cliente": 17,
    "total": "1200.00",
    "criado_em": "2025-01-13T22:43:14.097Z"
  }
},
{
  "model": "app.carro",
  "pk": 40,
  "fields": {
    "cliente": 17,
    "total": "1500.00",
    "criado_em": "2025-01-13T23:28:55.667Z"
  }
},
{
  "model": "app.carro",
  "pk": 41,
  "fields": {
    "cliente": 17,
    "total": "5660.00",
    "criado_em": "2025-01-13T23:31:32.845Z"
  }
},
{
  "model": "app.carro",
  "pk": 42,
  "fields": {
    "cliente": 17,
    "total": "11200.00",
    "criado_em": "2025-01-16T22:17:55.789Z"
  }
},
{
  "model": "app.carro",
  "pk": 43,
  "fields": {
    "cliente": 17,
    "total": "10000.00",
    "criado_em": "2025-01-17T04:44:41.293Z"
  }
},
{
  "model": "app.carro",
  "pk": 44,
  "fields": {
    "cliente": null,
    "total": "0.00",
    "criado_em": "2025-01-21T02:18:11.694Z"
  }
},
{
  "model": "app.carro",
  "pk": 45,
  "fields": {
    "cliente": 17,
    "total": "0.00",
    "criado_em": "2025-01-21T02:19:16.668Z"
  }
},
{
  "model": "app.carro",
  "pk": 46,
  "fields": {
    "cliente": 17,
    "total": "2800.00",
    "criado_em": "2025-01-27T18:44:35.982Z"
  }
},
{
  "model": "app.carro",
  "pk": 47,
  "fields": {
    "cliente": 17,
    "total": "1200.00",
    "criado_em": "2025-01-27T21:55:48.684Z"
  }
},
{
  "model": "app.carro",
  "pk": 48,
  "fields": {
    "cliente": 17,
    "total": "1200.00",
    "criado_em": "2025-01-27T22:01:50.401Z"
  }
},
{
  "model": "app.carro",
  "pk": 49,
  "fields": {
    "cliente": 17,
    "total": "50.00",
    "criado_em": "2025-01-28T03:07:12.543Z"
  }
},
{
  "model": "app.carro",
  "pk": 50,
  "fields": {
    "cliente": 17,
    "total": "2800.00",
    "criado_em": "2025-01-28T03:28:18.200Z"
  }
},
{
  "model": "app.carro",
  "pk": 51,
  "fields": {
    "cliente": 17,
    "total": "2800.00",
    "criado_em": "2025-01-28T03:47:03.402Z"
  }
},
{
  "model": "app.carro",
  "pk": 52,
  "fields": {
    "cliente": 17,
    "total": "10.00",
    "criado_em": "2025-01-28T03:58:22.496Z"
  }
},
{
  "model": "app.carro",
  "pk": 53,
  "fields": {
    "cliente": 17,
    "total": "50.00",
    "criado_em": "2025-01-28T04:04:19.100Z"
  }
},
{
  "model": "app.carro",
  "pk": 54,
  "fields": {
    "cliente": 17,
    "total": "0.00",
    "criado_em": "2025-01-28T04:37:21.149Z"
  }
},
{
  "model": "app.carro",
  "pk": 55,
  "fields": {
    "cliente": 17,
    "total": "18.74",
    "criado_em": "2025-01-28T19:39:12.066Z"
  }
},
{
  "model": "app.carro",
  "pk": 56,
  "fields": {
    "cliente": 17,
    "total": "201.27",
    "criado_em": "2025-02-05T02:50:00.171Z"
  }
},
{
  "model": "app.carro",
  "pk": 57,
  "fields": {
    "cliente": 17,
    "total": "71.08",
    "criado_em": "2025-02-08T00:43:27.539Z"
  }
},
{
  "model": "app.carro",
  "pk": 58,
  "fields": {
    "cliente": 17,
    "total": "43.40",
    "criado_em": "2025-02-10T20:40:38.742Z"
  }
},
{
  "model": "app.carro",
  "pk": 59,
  "fields": {
    "cliente": 17,
    "total": "18.74",
    "criado_em": "2025-02-10T20:49:30.860Z"
  }
},
{
  "model": "app.carro",
  "pk": 60,
  "fields": {
    "cliente": 17,
    "total": "142.15",
    "criado_em": "2025-02-10T20:50:40.564Z"
  }
},
{
  "model": "app.carro",
  "pk": 61,
  "fields": {
    "cliente": 17,
    "total": "275.36",
    "criado_em": "2025-02-11T20:54:41.972Z"
  }
},
{
  "model": "app.carro",
  "pk": 62,
  "fields": {
    "cliente": 17,
    "total": "1066.18",
    "criado_em": "2025-02-12T02:04:37.601Z"
  }
},
{
  "model": "app.carro",
  "pk": 63,
  "fields": {
    "cliente": 17,
    "total": "114.48",
    "criado_em": "2025-02-13T02:58:22.394Z"
  }
},
{
  "model": "app.carro",
  "pk": 64,
  "fields": {
    "cliente": 17,
    "total": "18.74",
    "criado_em": "2025-02-13T04:50:41.473Z"
  }
},
{
  "model": "app.carro",
  "pk": 65,
  "fields": {
    "cliente": 17,
    "total": "0.00",
    "criado_em": "2025-02-13T05:05:39.203Z"
  }
},
{
  "model": "app.carro",
  "pk": 66,
  "fields": {
    "cliente": 17,
    "total": "256.64",
    "criado_em": "2025-02-18T20:18:20.388Z"
  }
},
{
  "model": "app.carro",
  "pk": 67,
  "fields": {
    "cliente": 17,
    "total": "0.00",
    "criado_em": "2025-02-21T03:48:20.727Z"
  }
},
{
  "model": "app.carro",
  "pk": 68,
  "fields": {
    "cliente": 17,
    "total": "420.69",
    "criado_em": "2025-03-07T17:47:38.758Z"
  }
},
{
  "model": "app.carro",
  "pk": 69,
  "fields": {
    "cliente": null,
    "total": "0.00",
    "criado_em": "2025-03-18T03:32:43.274Z"
  }
},
{
  "model": "app.carro",
  "pk": 70,
  "fields": {
    "cliente": 17,
    "total": "113.12",
    "criado_em": "2025-03-18T03:32:44.607Z"
  }
},
{
  "model": "app.carro",
  "pk": 71,
  "fields": {
    "cliente": 17,
    "total": "0.00",
    "criado_em": "2025-03-18T03:54:52.388Z"
  }
},
{
  "model": "app.carro",
  "pk": 72,
  "fields": {
    "cliente": 17,
    "total": "71.08",
    "criado_em": "2025-03-18T19:58:55.500Z"
  }
},
{
  "model": "app.carro",
  "pk": 73,
  "fields": {
    "cliente": 17,
    "total": "0.00",
    "criado_em": "2025-03-19T19:37:43.952Z"
  }
},
{
  "model": "app.carro",
  "pk": 74,
  "fields": {
    "cliente": 17,
    "total": "0.00",
    "criado_em": "2025-03-19T19:37:49.212Z"
  }
},
{
  "model": "app.carro",
  "pk": 75,
  "fields": {
    "cliente": null,
    "total": "0.00",
    "criado_em": "2025-03-22T23:13:31.582Z"
  }
},
{
  "model": "app.carro",
  "pk": 76,
  "fields": {
    "cliente": null,
    "total": "0.00",
    "criado_em": "2025-03-22T23:15:23.960Z"
  }
},
{
  "model": "app.carro",
  "pk": 77,
  "fields": {
    "cliente": null,
    "total": "0.00",
    "criado_em": "2025-03-22T23:17:14.801Z"
  }
},
{
  "model": "app.carro",
  "pk": 78,
  "fields": {
    "cliente": 17,
    "total": "0.00",
    "criado_em": "2025-03-22T23:18:13.120Z"
  }
},
{
  "model": "app.carro",
  "pk": 79,
  "fields": {
    "cliente": null,
    "total": "0.00",
    "criado_em": "2025-03-22T23:18:56.267Z"
  }
},
{
  "model": "app.carro",
  "pk": 80,
  "fields": {
    "cliente": 17,
    "total": "0.00",
    "criado_em": "2025-03-23T00:23:20.634Z"
  }
},
{
  "model": "app.carro",
  "pk": 81,
  "fields": {
    "cliente": null,
    "total": "0.00",
    "criado_em": "2025-03-23T00:24:52.294Z"
  }
},
{
  "model": "app.carro",
  "pk": 82,
  "fields": {
    "cliente": 17,
    "total": "0.00",
    "criado_em": "2025-03-23T00:25:39.854Z"
  }
},
{
  "model": "app.carro",
  "pk": 83,
  "fields": {
    "cliente": 17,
    "total": "0.00",
    "criado_em": "2025-03-23T00:32:08.349Z"
  }
},
{
  "model": "app.carro",
  "pk": 84,
  "fields": {
    "cliente": null,
    "total": "0.00",
    "criado_em": "2025-03-23T00:33:27.098Z"
  }
},
{
  "model": "app.carro",
  "pk": 85,
  "fields": {
    "cliente": 17,
    "total": "0.00",
    "criado_em": "2025-03-23T00:34:50.136Z"
  }
},
{
  "model": "app.carro",
  "pk": 86,
  "fields": {
    "cliente": null,
    "total": "0.00",
    "criado_em": "2025-03-23T00:35:59.488Z"
  }
},
{
  "model": "app.carro",
  "pk": 87,
  "fields": {
    "cliente": 17,
    "total": "0.00",
    "criado_em": "2025-03-23T00:36:54.583Z"
  }
},
{
  "model": "app.carro",
  "pk": 88,
  "fields": {
    "cliente": null,
    "total": "0.00",
    "criado_em": "2025-03-23T22:06:29.207Z"
  }
},
{
  "model": "app.carro",
  "pk": 89,
  "fields": {
    "cliente": 17,
    "total": "0.00",
    "criado_em": "2025-03-23T22:08:49.556Z"
  }
},
{
  "model": "app.carro",
  "pk": 90,
  "fields": {
    "cliente": null,
    "total": "0.00",
    "criado_em": "2025-03-26T20:46:03.524Z"
  }
},
{
  "model": "app.carro",
  "pk": 91,
  "fields": {
    "cliente": 17,
    "total": "0.00",
    "criado_em": "2025-03-26T20:46:16.909Z"
  }
},
{
  "model": "app.carro",
  "pk": 92,
  "fields": {
    "cliente": 19,
    "total": "0.00",
    "criado_em": "2025-03-26T20:59:47.689Z"
  }
},
{
  "model": "app.carro",
  "pk": 93,
  "fields": {
    "cliente": null,
    "total": "0.00",
    "criado_em": "2025-03-26T23:58:52.390Z"
  }
},
{
  "model": "app.carro",
  "pk": 94,
  "fields": {
    "cliente": null,
    "total": "0.00",
    "criado_em": "2025-03-26T23:58:53.058Z"
  }
},
{
  "model": "app.carro",
  "pk": 95,
  "fields": {
    "cliente": null,
    "total": "0.00",
    "criado_em": "2025-03-27T14:04:29.941Z"
  }
},
{
  "model": "app.carro",
  "pk": 96,
  "fields": {
    "cliente": 19,
    "total": "0.00",
    "criado_em": "2025-03-27T14:11:12.706Z"
  }
},
{
  "model": "app.carro",
  "pk": 97,
  "fields": {
    "cliente": null,
    "total": "0.00",
    "criado_em": "2025-03-27T18:34:41.075Z"
  }
},
{
  "model": "app.carro",
  "pk": 98,
  "fields": {
    "cliente": null,
    "total": "0.00",
    "criado_em": "2025-03-28T13:03:43.951Z"
  }
},
{
  "model": "app.carro",
  "pk": 99,
  "fields": {
    "cliente": null,
    "total": "0.00",
    "criado_em": "2025-03-28T13:03:44.682Z"
  }
},
{
  "model": "app.carro",
  "pk": 100,
  "fields": {
    "cliente": null,
    "total": "0.00",
    "criado_em": "2025-03-28T13:03:44.851Z"
  }
},
{
  "model": "app.carro",
  "pk": 101,
  "fields": {
    "cliente": null,
    "total": "0.00",
    "criado_em": "2025-03-28T16:06:07.595Z"
  }
},
{
  "model": "app.carro",
  "pk": 102,
  "fields": {
    "cliente": null,
    "total": "0.00",
    "criado_em": "2025-03-28T18:37:47.343Z"
  }
},
{
  "model": "app.carro",
  "pk": 103,
  "fields": {
    "cliente": null,
    "total": "0.00",
    "criado_em": "2025-03-29T19:29:17.630Z"
  }
},
{
  "model": "app.carro",
  "pk": 104,
  "fields": {
    "cliente": null,
    "total": "0.00",
    "criado_em": "2025-03-31T17:44:00.750Z"
  }
},
{
  "model": "app.carro",
  "pk": 105,
  "fields": {
    "cliente": null,
    "total": "0.00",
    "criado_em": "2025-03-31T17:44:03.882Z"
  }
},
{
  "model": "app.carro",
  "pk": 106,
  "fields": {
    "cliente": null,
    "total": "0.00",
    "criado_em": "2025-03-31T17:44:04.567Z"
  }
},
{
  "model": "app.carro",
  "pk": 107,
  "fields": {
    "cliente": null,
    "total": "0.00",
    "criado_em": "2025-04-01T22:17:56.341Z"
  }
},
{
  "model": "app.carroproduto",
  "pk": 100,
  "fields": {
    "carro": 55,
    "produto": 12,
    "preco_unitario": "18.74",
    "quantidade": 1,
    "subtotal_bruto": "0.00",
    "subtotal": "18.74",
    "criado_em": "2025-02-01T02:47:41.130Z"
  }
},
{
  "model": "app.carroproduto",
  "pk": 105,
  "fields": {
    "carro": 56,
    "produto": 11,
    "preco_unitario": "71.08",
    "quantidade": 1,
    "subtotal_bruto": "0.00",
    "subtotal": "71.08",
    "criado_em": "2025-02-08T00:31:59.666Z"
  }
},
{
  "model": "app.carroproduto",
  "pk": 106,
  "fields": {
    "carro": 56,
    "produto": 10,
    "preco_unitario": "43.40",
    "quantidade": 3,
    "subtotal_bruto": "0.00",
    "subtotal": "130.19",
    "criado_em": "2025-02-08T00:32:05.266Z"
  }
},
{
  "model": "app.carroproduto",
  "pk": 107,
  "fields": {
    "carro": 57,
    "produto": 11,
    "preco_unitario": "71.08",
    "quantidade": 1,
    "subtotal_bruto": "0.00",
    "subtotal": "49.76",
    "criado_em": "2025-02-10T20:40:25.695Z"
  }
},
{
  "model": "app.carroproduto",
  "pk": 108,
  "fields": {
    "carro": 58,
    "produto": 10,
    "preco_unitario": "43.40",
    "quantidade": 1,
    "subtotal_bruto": "43.40",
    "subtotal": "29.95",
    "criado_em": "2025-02-10T20:49:24.976Z"
  }
},
{
  "model": "app.carroproduto",
  "pk": 109,
  "fields": {
    "carro": 59,
    "produto": 12,
    "preco_unitario": "18.74",
    "quantidade": 1,
    "subtotal_bruto": "18.74",
    "subtotal": "14.24",
    "criado_em": "2025-02-10T20:50:29.163Z"
  }
},
{
  "model": "app.carroproduto",
  "pk": 126,
  "fields": {
    "carro": 60,
    "produto": 11,
    "preco_unitario": "71.08",
    "quantidade": 2,
    "subtotal_bruto": "142.15",
    "subtotal": "120.84",
    "criado_em": "2025-02-11T20:47:31.312Z"
  }
},
{
  "model": "app.carroproduto",
  "pk": 128,
  "fields": {
    "carro": 61,
    "produto": 10,
    "preco_unitario": "43.40",
    "quantidade": 1,
    "subtotal_bruto": "43.40",
    "subtotal": "36.89",
    "criado_em": "2025-02-12T00:05:55.250Z"
  }
},
{
  "model": "app.carroproduto",
  "pk": 129,
  "fields": {
    "carro": 61,
    "produto": 12,
    "preco_unitario": "18.74",
    "quantidade": 1,
    "subtotal_bruto": "18.74",
    "subtotal": "15.74",
    "criado_em": "2025-02-12T01:37:02.753Z"
  }
},
{
  "model": "app.carroproduto",
  "pk": 130,
  "fields": {
    "carro": 61,
    "produto": 11,
    "preco_unitario": "71.08",
    "quantidade": 3,
    "subtotal_bruto": "213.22",
    "subtotal": "181.25",
    "criado_em": "2025-02-12T01:37:29.009Z"
  }
},
{
  "model": "app.carroproduto",
  "pk": 138,
  "fields": {
    "carro": 62,
    "produto": 11,
    "preco_unitario": "71.08",
    "quantidade": 15,
    "subtotal_bruto": "284.30",
    "subtotal": "831.64",
    "criado_em": "2025-02-13T02:55:09.537Z"
  }
},
{
  "model": "app.carroproduto",
  "pk": 142,
  "fields": {
    "carro": 63,
    "produto": 10,
    "preco_unitario": "43.40",
    "quantidade": 1,
    "subtotal_bruto": "43.40",
    "subtotal": "33.42",
    "criado_em": "2025-02-13T04:49:45.647Z"
  }
},
{
  "model": "app.carroproduto",
  "pk": 143,
  "fields": {
    "carro": 63,
    "produto": 11,
    "preco_unitario": "71.08",
    "quantidade": 1,
    "subtotal_bruto": "71.08",
    "subtotal": "55.44",
    "criado_em": "2025-02-13T04:49:47.062Z"
  }
},
{
  "model": "app.carroproduto",
  "pk": 144,
  "fields": {
    "carro": 64,
    "produto": 12,
    "preco_unitario": "18.74",
    "quantidade": 1,
    "subtotal_bruto": "18.74",
    "subtotal": "18.55",
    "criado_em": "2025-02-13T04:52:18.634Z"
  }
},
{
  "model": "app.carroproduto",
  "pk": 160,
  "fields": {
    "carro": 66,
    "produto": 10,
    "preco_unitario": "43.40",
    "quantidade": 1,
    "subtotal_bruto": "43.40",
    "subtotal": "36.89",
    "criado_em": "2025-02-21T01:54:18.678Z"
  }
},
{
  "model": "app.carroproduto",
  "pk": 161,
  "fields": {
    "carro": 66,
    "produto": 11,
    "preco_unitario": "71.08",
    "quantidade": 3,
    "subtotal_bruto": "71.08",
    "subtotal": "181.25",
    "criado_em": "2025-02-21T01:54:21.392Z"
  }
},
{
  "model": "app.carroproduto",
  "pk": 162,
  "fields": {
    "carro": 68,
    "produto": null,
    "preco_unitario": "420.69",
    "quantidade": 1,
    "subtotal_bruto": "420.69",
    "subtotal": "336.55",
    "criado_em": "2025-03-18T02:22:19.094Z"
  }
},
{
  "model": "app.carroproduto",
  "pk": 163,
  "fields": {
    "carro": 70,
    "produto": null,
    "preco_unitario": "113.12",
    "quantidade": 1,
    "subtotal_bruto": "113.12",
    "subtotal": "96.15",
    "criado_em": "2025-03-18T03:33:15.125Z"
  }
},
{
  "model": "app.carroproduto",
  "pk": 164,
  "fields": {
    "carro": 72,
    "produto": 11,
    "preco_unitario": "71.08",
    "quantidade": 1,
    "subtotal_bruto": "71.08",
    "subtotal": "49.76",
    "criado_em": "2025-03-19T18:38:00.558Z"
  }
},
{
  "model": "app.pedido_order",
  "pk": 5,
  "fields": {
    "cliente": 16,
    "nome_cliente": "João Guimarães",
    "cpf_cnpj": "171.239.487-85",
    "codigo_cliente": null,
    "telefone": "1111111111",
    "email": "",
    "carro": 14,
    "pedido_status": "Pedido Cancelado",
    "total_bruto": "470.00",
    "frete": "0.00",
    "desconto_retirada": "0.00",
    "desconto_forma_pagamento": "0.00",
    "total_desconto": "0.00",
    "total_final": "0.00",
    "local_de_pagamento": "",
    "forma_de_pagamento": "",
    "parcelas": 1,
    "valor_parcela": "0.00",
    "endereco_envio": 1,
    "endereco_envio_formatado": "cu",
    "criado_em": "2025-01-03T03:29:06.719Z",
    "id_PagBank": "",
    "ordenado_por": null
  }
},
{
  "model": "app.pedido_order",
  "pk": 41,
  "fields": {
    "cliente": 20,
    "nome_cliente": "Test Test",
    "cpf_cnpj": "123.123.123-12",
    "codigo_cliente": null,
    "telefone": "+55 (11) 11111-1111",
    "email": "test@test.com",
    "carro": 28,
    "pedido_status": "Pedido em Andamento",
    "total_bruto": "100.00",
    "frete": "0.00",
    "desconto_retirada": "0.00",
    "desconto_forma_pagamento": "0.00",
    "total_desconto": "0.00",
    "total_final": "100.00",
    "local_de_pagamento": null,
    "forma_de_pagamento": null,
    "parcelas": 1,
    "valor_parcela": "0.00",
    "endereco_envio": 21,
    "endereco_envio_formatado": "Estrada Teresópolis Friburgo KM 0, Prata - 25975-440 Teresópolis/RJ",
    "criado_em": "2025-01-06T17:47:30.250Z",
    "id_PagBank": "",
    "ordenado_por": null
  }
},
{
  "model": "app.pedido_order",
  "pk": 49,
  "fields": {
    "cliente": 17,
    "nome_cliente": "Alva Test",
    "cpf_cnpj": "462.894.660-46",
    "codigo_cliente": "",
    "telefone": "+55 (11) 91111-1111",
    "email": "test@test.com",
    "carro": 39,
    "pedido_status": "Pedido Completado",
    "total_bruto": "1200.00",
    "frete": "0.00",
    "desconto_retirada": "0.00",
    "desconto_forma_pagamento": "0.00",
    "total_desconto": "0.00",
    "total_final": "1200.00",
    "local_de_pagamento": "online",
    "forma_de_pagamento": "CREDIT_CARD",
    "parcelas": 1,
    "valor_parcela": "1200.00",
    "endereco_envio": 57,
    "endereco_envio_formatado": "Rua Manoel José Lebrão 891, Várzea - 25976-025 Teresópolis/RJ",
    "criado_em": "2025-01-13T23:27:41.665Z",
    "id_PagBank": "",
    "ordenado_por": null
  }
},
{
  "model": "app.pedido_order",
  "pk": 50,
  "fields": {
    "cliente": 17,
    "nome_cliente": "Alva Test",
    "cpf_cnpj": "462.894.660-46",
    "codigo_cliente": "",
    "telefone": "+55 (11) 91111-1111",
    "email": "test@test.com",
    "carro": 40,
    "pedido_status": "Pedido Processando",
    "total_bruto": "1500.00",
    "frete": "0.00",
    "desconto_retirada": "0.00",
    "desconto_forma_pagamento": "0.00",
    "total_desconto": "0.00",
    "total_final": "1500.00",
    "local_de_pagamento": "online",
    "forma_de_pagamento": "CREDIT_CARD",
    "parcelas": 1,
    "valor_parcela": "1500.00",
    "endereco_envio": 22,
    "endereco_envio_formatado": "Avenida do Sol 880 Fazenda Santa Ines, Guapimirim - 25940-000 Teresópolis/RJ",
    "criado_em": "2025-01-13T23:30:15.640Z",
    "id_PagBank": "CHEC_D14944CC-0979-4275-93B8-6F1E71C39BB9",
    "ordenado_por": null
  }
},
{
  "model": "app.pedido_order",
  "pk": 52,
  "fields": {
    "cliente": 17,
    "nome_cliente": "Alva Test",
    "cpf_cnpj": "462.894.660-46",
    "codigo_cliente": "",
    "telefone": "+55 (11) 91111-1111",
    "email": "test@test.com",
    "carro": 42,
    "pedido_status": "Pagamento Confirmado",
    "total_bruto": "1200.00",
    "frete": "0.00",
    "desconto_retirada": "0.00",
    "desconto_forma_pagamento": "0.00",
    "total_desconto": "0.00",
    "total_final": "11200.00",
    "local_de_pagamento": "online",
    "forma_de_pagamento": "CREDIT_CARD",
    "parcelas": 1,
    "valor_parcela": "11200.00",
    "endereco_envio": 21,
    "endereco_envio_formatado": "Estrada Teresópolis Friburgo KM 0, Prata - 25975-440 Teresópolis/RJ",
    "criado_em": "2025-01-17T04:36:32.866Z",
    "id_PagBank": "CHEC_4C65F67F-1FF9-4FBB-BE8B-A1D80C518AB4",
    "ordenado_por": null
  }
},
{
  "model": "app.pedido_order",
  "pk": 53,
  "fields": {
    "cliente": 17,
    "nome_cliente": "Alva Test",
    "cpf_cnpj": "462.894.660-46",
    "codigo_cliente": "",
    "telefone": "+55 (11) 91111-1111",
    "email": "test@test.com",
    "carro": 43,
    "pedido_status": "Pedido Cancelado",
    "total_bruto": "10000.00",
    "frete": "0.00",
    "desconto_retirada": "0.00",
    "desconto_forma_pagamento": "0.00",
    "total_desconto": "0.00",
    "total_final": "10000.00",
    "local_de_pagamento": "online",
    "forma_de_pagamento": "CREDIT_CARD",
    "parcelas": 1,
    "valor_parcela": "10000.00",
    "endereco_envio": 21,
    "endereco_envio_formatado": "Estrada Teresópolis Friburgo KM 0, Prata - 25975-440 Teresópolis/RJ",
    "criado_em": "2025-01-17T04:44:54.264Z",
    "id_PagBank": "CHEC_B80DEED7-F363-4408-8876-19843CDD5759",
    "ordenado_por": null
  }
},
{
  "model": "app.pedido_order",
  "pk": 62,
  "fields": {
    "cliente": 17,
    "nome_cliente": "Alva Test",
    "cpf_cnpj": "462.894.660-46",
    "codigo_cliente": "",
    "telefone": "+55 (11) 91111-1111",
    "email": "test@test.com",
    "carro": 55,
    "pedido_status": "Pagamento Confirmado",
    "total_bruto": "18.74",
    "frete": "0.00",
    "desconto_retirada": "1.69",
    "desconto_forma_pagamento": "3.56",
    "total_desconto": "5.25",
    "total_final": "13.49",
    "local_de_pagamento": "dinheiro",
    "forma_de_pagamento": "dinheiro",
    "parcelas": 1,
    "valor_parcela": "13.49",
    "endereco_envio": 21,
    "endereco_envio_formatado": "Estrada Teresópolis Friburgo KM 0, Prata - 25975-440 Teresópolis/RJ",
    "criado_em": "2025-01-31T19:54:50.324Z",
    "id_PagBank": "",
    "ordenado_por": null
  }
},
{
  "model": "app.pedido_order",
  "pk": 65,
  "fields": {
    "cliente": 17,
    "nome_cliente": "Alva Test",
    "cpf_cnpj": "462.894.660-46",
    "codigo_cliente": "",
    "telefone": "+55 (11) 91111-1111",
    "email": "test@test.com",
    "carro": 56,
    "pedido_status": "Pagamento Confirmado",
    "total_bruto": "201.27",
    "frete": "0.00",
    "desconto_retirada": "4.00",
    "desconto_forma_pagamento": "33.91",
    "total_desconto": "37.91",
    "total_final": "163.36",
    "local_de_pagamento": "dinheiro",
    "forma_de_pagamento": "CREDIT_CARD",
    "parcelas": 1,
    "valor_parcela": "163.36",
    "endereco_envio": 21,
    "endereco_envio_formatado": "Estrada Teresópolis Friburgo KM 0, Prata - 25975-440 Teresópolis/RJ",
    "criado_em": "2025-02-08T00:41:11.042Z",
    "id_PagBank": "CHEC_85E8C595-566A-41C2-B21A-7BDC8C832515",
    "ordenado_por": null
  }
},
{
  "model": "app.pedido_order",
  "pk": 77,
  "fields": {
    "cliente": 17,
    "nome_cliente": "Alva Test",
    "cpf_cnpj": "462.894.660-46",
    "codigo_cliente": "",
    "telefone": "+55 (11) 91111-1111",
    "email": "test@test.com",
    "carro": 57,
    "pedido_status": "Pagamento Confirmado",
    "total_bruto": "71.08",
    "frete": "0.00",
    "desconto_retirada": "5.69",
    "desconto_forma_pagamento": "12.65",
    "total_desconto": "18.34",
    "total_final": "52.74",
    "local_de_pagamento": "dinheiro",
    "forma_de_pagamento": "dinheiro",
    "parcelas": 1,
    "valor_parcela": "52.74",
    "endereco_envio": 21,
    "endereco_envio_formatado": "Estrada Teresópolis Friburgo KM 0, Prata - 25975-440 Teresópolis/RJ",
    "criado_em": "2025-02-10T20:40:30.159Z",
    "id_PagBank": "",
    "ordenado_por": null
  }
},
{
  "model": "app.pedido_order",
  "pk": 78,
  "fields": {
    "cliente": 17,
    "nome_cliente": "Alva Test",
    "cpf_cnpj": "462.894.660-46",
    "codigo_cliente": "",
    "telefone": "+55 (11) 91111-1111",
    "email": "test@test.com",
    "carro": 58,
    "pedido_status": "Pagamento Confirmado",
    "total_bruto": "43.40",
    "frete": "0.00",
    "desconto_retirada": "3.47",
    "desconto_forma_pagamento": "8.24",
    "total_desconto": "11.71",
    "total_final": "31.69",
    "local_de_pagamento": "dinheiro",
    "forma_de_pagamento": "dinheiro",
    "parcelas": 1,
    "valor_parcela": "31.69",
    "endereco_envio": 21,
    "endereco_envio_formatado": "Estrada Teresópolis Friburgo KM 0, Prata - 25975-440 Teresópolis/RJ",
    "criado_em": "2025-02-10T20:49:29.270Z",
    "id_PagBank": "",
    "ordenado_por": null
  }
},
{
  "model": "app.pedido_order",
  "pk": 79,
  "fields": {
    "cliente": 17,
    "nome_cliente": "Alva Test",
    "cpf_cnpj": "462.894.660-46",
    "codigo_cliente": "",
    "telefone": "+55 (11) 91111-1111",
    "email": "test@test.com",
    "carro": 59,
    "pedido_status": "Pagamento Confirmado",
    "total_bruto": "18.74",
    "frete": "0.00",
    "desconto_retirada": "1.69",
    "desconto_forma_pagamento": "2.81",
    "total_desconto": "4.50",
    "total_final": "14.24",
    "local_de_pagamento": "loja",
    "forma_de_pagamento": "PIX",
    "parcelas": 1,
    "valor_parcela": "14.24",
    "endereco_envio": 21,
    "endereco_envio_formatado": "Estrada Teresópolis Friburgo KM 0, Prata - 25975-440 Teresópolis/RJ",
    "criado_em": "2025-02-10T20:50:35.338Z",
    "id_PagBank": "",
    "ordenado_por": null
  }
},
{
  "model": "app.pedido_order",
  "pk": 83,
  "fields": {
    "cliente": 17,
    "nome_cliente": "Alva Test",
    "cpf_cnpj": "462.894.660-46",
    "codigo_cliente": "",
    "telefone": "+55 (11) 91111-1111",
    "email": "test@test.com",
    "carro": 60,
    "pedido_status": "Pagamento Confirmado",
    "total_bruto": "142.15",
    "frete": "0.00",
    "desconto_retirada": "11.37",
    "desconto_forma_pagamento": "31.27",
    "total_desconto": "42.64",
    "total_final": "99.51",
    "local_de_pagamento": "dinheiro",
    "forma_de_pagamento": "CREDIT_CARD",
    "parcelas": 1,
    "valor_parcela": "99.51",
    "endereco_envio": 21,
    "endereco_envio_formatado": "Estrada Teresópolis Friburgo KM 0, Prata - 25975-440 Teresópolis/RJ",
    "criado_em": "2025-02-11T20:54:14.363Z",
    "id_PagBank": "",
    "ordenado_por": null
  }
},
{
  "model": "app.pedido_order",
  "pk": 85,
  "fields": {
    "cliente": 17,
    "nome_cliente": "Alva Test",
    "cpf_cnpj": "462.894.660-46",
    "codigo_cliente": "",
    "telefone": "+55 (11) 91111-1111",
    "email": "test@test.com",
    "carro": 61,
    "pedido_status": "Pagamento Confirmado",
    "total_bruto": "275.36",
    "frete": "0.00",
    "desconto_retirada": "22.22",
    "desconto_forma_pagamento": "60.45",
    "total_desconto": "82.67",
    "total_final": "192.69",
    "local_de_pagamento": "dinheiro",
    "forma_de_pagamento": "CREDIT_CARD",
    "parcelas": 1,
    "valor_parcela": "192.69",
    "endereco_envio": 21,
    "endereco_envio_formatado": "Estrada Teresópolis Friburgo KM 0, Prata - 25975-440 Teresópolis/RJ",
    "criado_em": "2025-02-12T02:02:43.864Z",
    "id_PagBank": "",
    "ordenado_por": null
  }
},
{
  "model": "app.pedido_order",
  "pk": 87,
  "fields": {
    "cliente": 17,
    "nome_cliente": "Alva Test",
    "cpf_cnpj": "462.894.660-46",
    "codigo_cliente": "",
    "telefone": "+55 (11) 91111-1111",
    "email": "test@test.com",
    "carro": 62,
    "pedido_status": "Pagamento Confirmado",
    "total_bruto": "1066.18",
    "frete": "34.85",
    "desconto_retirada": "0.00",
    "desconto_forma_pagamento": "234.56",
    "total_desconto": "234.56",
    "total_final": "866.47",
    "local_de_pagamento": "dinheiro",
    "forma_de_pagamento": "dinheiro",
    "parcelas": 1,
    "valor_parcela": "866.47",
    "endereco_envio": 58,
    "endereco_envio_formatado": "Rua Cupertino Durão 84 Apt 201, Leblon - 22441-030 Rio de Janeiro/RJ",
    "criado_em": "2025-02-13T02:55:16.976Z",
    "id_PagBank": "",
    "ordenado_por": null
  }
},
{
  "model": "app.pedido_order",
  "pk": 90,
  "fields": {
    "cliente": 17,
    "nome_cliente": "Alva Test",
    "cpf_cnpj": "462.894.660-46",
    "codigo_cliente": "",
    "telefone": "+55 (11) 91111-1111",
    "email": "test@test.com",
    "carro": 63,
    "pedido_status": "Pagamento Confirmado",
    "total_bruto": "114.48",
    "frete": "34.85",
    "desconto_retirada": "0.00",
    "desconto_forma_pagamento": "25.62",
    "total_desconto": "25.62",
    "total_final": "123.71",
    "local_de_pagamento": "dinheiro",
    "forma_de_pagamento": "dinheiro",
    "parcelas": 1,
    "valor_parcela": "123.71",
    "endereco_envio": 58,
    "endereco_envio_formatado": "Rua Cupertino Durão 84 Apt 201, Leblon - 22441-030 Rio de Janeiro/RJ",
    "criado_em": "2025-02-13T04:49:53.602Z",
    "id_PagBank": "",
    "ordenado_por": null
  }
},
{
  "model": "app.pedido_order",
  "pk": 91,
  "fields": {
    "cliente": 17,
    "nome_cliente": "Alva Test",
    "cpf_cnpj": "462.894.660-46",
    "codigo_cliente": "",
    "telefone": "+55 (11) 91111-1111",
    "email": "test@test.com",
    "carro": 64,
    "pedido_status": "Pagamento Confirmado",
    "total_bruto": "18.74",
    "frete": "34.85",
    "desconto_retirada": "0.00",
    "desconto_forma_pagamento": "3.56",
    "total_desconto": "3.56",
    "total_final": "50.03",
    "local_de_pagamento": "loja",
    "forma_de_pagamento": "CREDIT_CARD",
    "parcelas": 6,
    "valor_parcela": "8.34",
    "endereco_envio": 58,
    "endereco_envio_formatado": "Rua Cupertino Durão 84 Apt 201, Leblon - 22441-030 Rio de Janeiro/RJ",
    "criado_em": "2025-02-13T04:52:24.792Z",
    "id_PagBank": "",
    "ordenado_por": null
  }
},
{
  "model": "app.pedido_order",
  "pk": 96,
  "fields": {
    "cliente": 17,
    "nome_cliente": "Alva Test",
    "cpf_cnpj": "462.894.660-46",
    "codigo_cliente": "",
    "telefone": "+55 (11) 91111-1111",
    "email": "test@test.com",
    "carro": 66,
    "pedido_status": "Pagamento Confirmado",
    "total_bruto": "256.64",
    "frete": "0.00",
    "desconto_retirada": "20.53",
    "desconto_forma_pagamento": "56.89",
    "total_desconto": "77.42",
    "total_final": "179.22",
    "local_de_pagamento": "dinheiro",
    "forma_de_pagamento": "CREDIT_CARD",
    "parcelas": 1,
    "valor_parcela": "179.22",
    "endereco_envio": 21,
    "endereco_envio_formatado": "Estrada Teresópolis Friburgo KM 0, Prata - 25975-440 Teresópolis/RJ",
    "criado_em": "2025-02-21T01:54:33.240Z",
    "id_PagBank": "CHEC_0E0FB9FC-A3C9-4018-B39C-0AD7056B5FBD",
    "ordenado_por": null
  }
},
{
  "model": "app.pedido_order",
  "pk": 97,
  "fields": {
    "cliente": 17,
    "nome_cliente": "Alva Test",
    "cpf_cnpj": "462.894.660-46",
    "codigo_cliente": "",
    "telefone": "+55 (11) 91111-1111",
    "email": "test@test.com",
    "carro": 68,
    "pedido_status": "Pagamento Pendente",
    "total_bruto": "420.69",
    "frete": "0.00",
    "desconto_retirada": "0.00",
    "desconto_forma_pagamento": "84.14",
    "total_desconto": "84.14",
    "total_final": "336.55",
    "local_de_pagamento": "dinheiro",
    "forma_de_pagamento": "dinheiro",
    "parcelas": 1,
    "valor_parcela": "336.55",
    "endereco_envio": 58,
    "endereco_envio_formatado": "Rua Cupertino Durão 84 Apt 201, Leblon - 22441-030 Rio de Janeiro/RJ",
    "criado_em": "2025-03-18T02:22:27.501Z",
    "id_PagBank": "",
    "ordenado_por": null
  }
},
{
  "model": "app.pedido_order",
  "pk": 98,
  "fields": {
    "cliente": 17,
    "nome_cliente": "Alva Test",
    "cpf_cnpj": "462.894.660-46",
    "codigo_cliente": "",
    "telefone": "+55 (11) 91111-1111",
    "email": "test@test.com",
    "carro": 70,
    "pedido_status": "Pagamento Pendente",
    "total_bruto": "113.12",
    "frete": "0.00",
    "desconto_retirada": "0.00",
    "desconto_forma_pagamento": "24.89",
    "total_desconto": "24.89",
    "total_final": "88.23",
    "local_de_pagamento": "loja",
    "forma_de_pagamento": "DEBIT_CARD",
    "parcelas": 1,
    "valor_parcela": "88.23",
    "endereco_envio": 58,
    "endereco_envio_formatado": "Rua Cupertino Durão 84 Apt 201, Leblon - 22441-030 Rio de Janeiro/RJ",
    "criado_em": "2025-03-18T03:33:20.646Z",
    "id_PagBank": "",
    "ordenado_por": null
  }
},
{
  "model": "app.pedido_order",
  "pk": 99,
  "fields": {
    "cliente": 17,
    "nome_cliente": "Alva Test",
    "cpf_cnpj": "462.894.660-46",
    "codigo_cliente": "",
    "telefone": "+55 (11) 91111-1111",
    "email": "test@test.com",
    "carro": 72,
    "pedido_status": "Pagamento Pendente",
    "total_bruto": "71.08",
    "frete": "0.00",
    "desconto_retirada": "5.69",
    "desconto_forma_pagamento": "15.64",
    "total_desconto": "21.33",
    "total_final": "49.75",
    "local_de_pagamento": "dinheiro",
    "forma_de_pagamento": "dinheiro",
    "parcelas": 1,
    "valor_parcela": "49.75",
    "endereco_envio": 21,
    "endereco_envio_formatado": "Estrada Teresópolis Friburgo KM 0, Prata - 25975-440 Teresópolis/RJ",
    "criado_em": "2025-03-19T18:38:04.860Z",
    "id_PagBank": "",
    "ordenado_por": null
  }
},
{
  "model": "app.pedido_produto",
  "pk": 42,
  "fields": {
    "pedido": 62,
    "produto": 12,
    "nome_produto": "",
    "codigo": "142925",
    "descricao": "ARG INTERNA ACI 20KG PRAOBRA",
    "codigo_GTIN": "142925",
    "preco_unitario_bruto": "18.74",
    "desconto_dinheiro": "4.00",
    "desconto_retira": "9.00",
    "unidade": "UN",
    "quantidade": "1.00",
    "total_bruto": "18.74",
    "desconto_total": "0.00",
    "desconto_unitario": "0.00",
    "total_final": "0.00"
  }
},
{
  "model": "app.pedido_produto",
  "pk": 49,
  "fields": {
    "pedido": 65,
    "produto": 11,
    "nome_produto": "",
    "codigo": "143830",
    "descricao": "PISO ROX RX44505 A CX2,50 44X44 LB BRI NEPAL",
    "codigo_GTIN": "143830",
    "preco_unitario_bruto": "28.43",
    "desconto_dinheiro": "7.00",
    "desconto_retira": "8.00",
    "unidade": "M2",
    "quantidade": "1.00",
    "total_bruto": "71.08",
    "desconto_total": "0.00",
    "desconto_unitario": "0.00",
    "total_final": "0.00"
  }
},
{
  "model": "app.pedido_produto",
  "pk": 50,
  "fields": {
    "pedido": 65,
    "produto": 10,
    "nome_produto": "",
    "codigo": "144144",
    "descricao": "PISO ALFAGRES 45700 ARBE A CX2,01 PEI4 45X45 MARANHAO",
    "codigo_GTIN": "144144",
    "preco_unitario_bruto": "21.59",
    "desconto_dinheiro": "8.00",
    "desconto_retira": "8.00",
    "unidade": "M2",
    "quantidade": "3.00",
    "total_bruto": "130.19",
    "desconto_total": "0.00",
    "desconto_unitario": "0.00",
    "total_final": "0.00"
  }
},
{
  "model": "app.pedido_produto",
  "pk": 51,
  "fields": {
    "pedido": 65,
    "produto": 11,
    "nome_produto": "",
    "codigo": "143830",
    "descricao": "PISO ROX RX44505 A CX2,50 44X44 LB BRI NEPAL",
    "codigo_GTIN": "143830",
    "preco_unitario_bruto": "28.43",
    "desconto_dinheiro": "7.00",
    "desconto_retira": "8.00",
    "unidade": "M2",
    "quantidade": "1.00",
    "total_bruto": "71.08",
    "desconto_total": "0.00",
    "desconto_unitario": "0.00",
    "total_final": "0.00"
  }
},
{
  "model": "app.pedido_produto",
  "pk": 52,
  "fields": {
    "pedido": 65,
    "produto": 10,
    "nome_produto": "",
    "codigo": "144144",
    "descricao": "PISO ALFAGRES 45700 ARBE A CX2,01 PEI4 45X45 MARANHAO",
    "codigo_GTIN": "144144",
    "preco_unitario_bruto": "21.59",
    "desconto_dinheiro": "8.00",
    "desconto_retira": "8.00",
    "unidade": "M2",
    "quantidade": "3.00",
    "total_bruto": "130.19",
    "desconto_total": "0.00",
    "desconto_unitario": "0.00",
    "total_final": "0.00"
  }
},
{
  "model": "app.pedido_produto",
  "pk": 89,
  "fields": {
    "pedido": 77,
    "produto": 11,
    "nome_produto": "",
    "codigo": "143830",
    "descricao": "PISO ROX RX44505 A CX2,50 44X44 LB BRI NEPAL",
    "codigo_GTIN": "143830",
    "preco_unitario_bruto": "28.43",
    "desconto_dinheiro": "7.00",
    "desconto_retira": "8.00",
    "unidade": "M2",
    "quantidade": "1.00",
    "total_bruto": "49.76",
    "desconto_total": "0.00",
    "desconto_unitario": "0.00",
    "total_final": "0.00"
  }
},
{
  "model": "app.pedido_produto",
  "pk": 90,
  "fields": {
    "pedido": 78,
    "produto": 10,
    "nome_produto": "",
    "codigo": "144144",
    "descricao": "PISO ALFAGRES 45700 ARBE A CX2,01 PEI4 45X45 MARANHAO",
    "codigo_GTIN": "144144",
    "preco_unitario_bruto": "21.59",
    "desconto_dinheiro": "8.00",
    "desconto_retira": "8.00",
    "unidade": "M2",
    "quantidade": "1.00",
    "total_bruto": "29.95",
    "desconto_total": "0.00",
    "desconto_unitario": "0.00",
    "total_final": "0.00"
  }
},
{
  "model": "app.pedido_produto",
  "pk": 91,
  "fields": {
    "pedido": 79,
    "produto": 12,
    "nome_produto": "",
    "codigo": "142925",
    "descricao": "ARG INTERNA ACI 20KG PRAOBRA",
    "codigo_GTIN": "142925",
    "preco_unitario_bruto": "18.74",
    "desconto_dinheiro": "4.00",
    "desconto_retira": "9.00",
    "unidade": "UN",
    "quantidade": "1.00",
    "total_bruto": "14.24",
    "desconto_total": "0.00",
    "desconto_unitario": "0.00",
    "total_final": "0.00"
  }
},
{
  "model": "app.pedido_produto",
  "pk": 94,
  "fields": {
    "pedido": 83,
    "produto": 11,
    "nome_produto": "",
    "codigo": "143830",
    "descricao": "PISO ROX RX44505 A CX2,50 44X44 LB BRI NEPAL",
    "codigo_GTIN": "143830",
    "preco_unitario_bruto": "28.43",
    "desconto_dinheiro": "7.00",
    "desconto_retira": "8.00",
    "unidade": "M2",
    "quantidade": "2.00",
    "total_bruto": "142.15",
    "desconto_total": "21.31",
    "desconto_unitario": "10.66",
    "total_final": "120.84"
  }
},
{
  "model": "app.pedido_produto",
  "pk": 95,
  "fields": {
    "pedido": 85,
    "produto": 10,
    "nome_produto": "",
    "codigo": "144144",
    "descricao": "PISO ALFAGRES 45700 ARBE A CX2,01 PEI4 45X45 MARANHAO",
    "codigo_GTIN": "144144",
    "preco_unitario_bruto": "21.59",
    "desconto_dinheiro": "8.00",
    "desconto_retira": "8.00",
    "unidade": "M2",
    "quantidade": "1.00",
    "total_bruto": "43.40",
    "desconto_total": "6.51",
    "desconto_unitario": "6.51",
    "total_final": "36.89"
  }
},
{
  "model": "app.pedido_produto",
  "pk": 96,
  "fields": {
    "pedido": 85,
    "produto": 12,
    "nome_produto": "",
    "codigo": "142925",
    "descricao": "ARG INTERNA ACI 20KG PRAOBRA",
    "codigo_GTIN": "142925",
    "preco_unitario_bruto": "18.74",
    "desconto_dinheiro": "4.00",
    "desconto_retira": "9.00",
    "unidade": "UN",
    "quantidade": "1.00",
    "total_bruto": "18.74",
    "desconto_total": "3.00",
    "desconto_unitario": "3.00",
    "total_final": "15.74"
  }
},
{
  "model": "app.pedido_produto",
  "pk": 97,
  "fields": {
    "pedido": 85,
    "produto": 11,
    "nome_produto": "",
    "codigo": "143830",
    "descricao": "PISO ROX RX44505 A CX2,50 44X44 LB BRI NEPAL",
    "codigo_GTIN": "143830",
    "preco_unitario_bruto": "28.43",
    "desconto_dinheiro": "7.00",
    "desconto_retira": "8.00",
    "unidade": "M2",
    "quantidade": "3.00",
    "total_bruto": "213.22",
    "desconto_total": "31.97",
    "desconto_unitario": "10.66",
    "total_final": "181.25"
  }
},
{
  "model": "app.pedido_produto",
  "pk": 98,
  "fields": {
    "pedido": 87,
    "produto": 11,
    "nome_produto": "",
    "codigo": "143830",
    "descricao": "PISO ROX RX44505 A CX2,50 44X44 LB BRI NEPAL",
    "codigo_GTIN": "143830",
    "preco_unitario_bruto": "28.43",
    "desconto_dinheiro": "7.00",
    "desconto_retira": "8.00",
    "unidade": "M2",
    "quantidade": "15.00",
    "total_bruto": "284.30",
    "desconto_total": "-547.34",
    "desconto_unitario": "-36.49",
    "total_final": "831.64"
  }
},
{
  "model": "app.pedido_produto",
  "pk": 99,
  "fields": {
    "pedido": 90,
    "produto": 10,
    "nome_produto": "",
    "codigo": "144144",
    "descricao": "PISO ALFAGRES 45700 ARBE A CX2,01 PEI4 45X45 MARANHAO",
    "codigo_GTIN": "144144",
    "preco_unitario_bruto": "21.59",
    "desconto_dinheiro": "8.00",
    "desconto_retira": "8.00",
    "unidade": "M2",
    "quantidade": "1.00",
    "total_bruto": "43.40",
    "desconto_total": "9.98",
    "desconto_unitario": "9.98",
    "total_final": "33.42"
  }
},
{
  "model": "app.pedido_produto",
  "pk": 100,
  "fields": {
    "pedido": 90,
    "produto": 11,
    "nome_produto": "",
    "codigo": "143830",
    "descricao": "PISO ROX RX44505 A CX2,50 44X44 LB BRI NEPAL",
    "codigo_GTIN": "143830",
    "preco_unitario_bruto": "28.43",
    "desconto_dinheiro": "7.00",
    "desconto_retira": "8.00",
    "unidade": "M2",
    "quantidade": "1.00",
    "total_bruto": "71.08",
    "desconto_total": "15.64",
    "desconto_unitario": "15.64",
    "total_final": "55.44"
  }
},
{
  "model": "app.pedido_produto",
  "pk": 101,
  "fields": {
    "pedido": 91,
    "produto": 12,
    "nome_produto": "",
    "codigo": "142925",
    "descricao": "ARG INTERNA ACI 20KG PRAOBRA",
    "codigo_GTIN": "142925",
    "preco_unitario_bruto": "18.74",
    "desconto_dinheiro": "4.00",
    "desconto_retira": "9.00",
    "unidade": "UN",
    "quantidade": "1.00",
    "total_bruto": "18.74",
    "desconto_total": "0.19",
    "desconto_unitario": "0.19",
    "total_final": "18.55"
  }
},
{
  "model": "app.pedido_produto",
  "pk": 116,
  "fields": {
    "pedido": 96,
    "produto": 10,
    "nome_produto": "",
    "codigo": "144144",
    "descricao": "PISO ALFAGRES 45700 ARBE A CX2,01 PEI4 45X45 MARANHAO",
    "codigo_GTIN": "144144",
    "preco_unitario_bruto": "21.59",
    "desconto_dinheiro": "8.00",
    "desconto_retira": "8.00",
    "unidade": "M2",
    "quantidade": "1.00",
    "total_bruto": "43.40",
    "desconto_total": "5.21",
    "desconto_unitario": "5.21",
    "total_final": "38.19"
  }
},
{
  "model": "app.pedido_produto",
  "pk": 117,
  "fields": {
    "pedido": 96,
    "produto": 11,
    "nome_produto": "",
    "codigo": "143830",
    "descricao": "PISO ROX RX44505 A CX2,50 44X44 LB BRI NEPAL",
    "codigo_GTIN": "143830",
    "preco_unitario_bruto": "28.43",
    "desconto_dinheiro": "7.00",
    "desconto_retira": "8.00",
    "unidade": "M2",
    "quantidade": "3.00",
    "total_bruto": "71.08",
    "desconto_total": "-116.57",
    "desconto_unitario": "-38.86",
    "total_final": "187.65"
  }
},
{
  "model": "app.pedido_produto",
  "pk": 118,
  "fields": {
    "pedido": 96,
    "produto": 10,
    "nome_produto": "",
    "codigo": "144144",
    "descricao": "PISO ALFAGRES 45700 ARBE A CX2,01 PEI4 45X45 MARANHAO",
    "codigo_GTIN": "144144",
    "preco_unitario_bruto": "21.59",
    "desconto_dinheiro": "8.00",
    "desconto_retira": "8.00",
    "unidade": "M2",
    "quantidade": "1.00",
    "total_bruto": "43.40",
    "desconto_total": "6.51",
    "desconto_unitario": "6.51",
    "total_final": "36.89"
  }
},
{
  "model": "app.pedido_produto",
  "pk": 119,
  "fields": {
    "pedido": 96,
    "produto": 11,
    "nome_produto": "",
    "codigo": "143830",
    "descricao": "PISO ROX RX44505 A CX2,50 44X44 LB BRI NEPAL",
    "codigo_GTIN": "143830",
    "preco_unitario_bruto": "28.43",
    "desconto_dinheiro": "7.00",
    "desconto_retira": "8.00",
    "unidade": "M2",
    "quantidade": "3.00",
    "total_bruto": "71.08",
    "desconto_total": "-110.17",
    "desconto_unitario": "-36.72",
    "total_final": "181.25"
  }
},
{
  "model": "app.pedido_produto",
  "pk": 120,
  "fields": {
    "pedido": 97,
    "produto": null,
    "nome_produto": "",
    "codigo": "SeiLa4",
    "descricao": "SeiLa4",
    "codigo_GTIN": "SeiLa4",
    "preco_unitario_bruto": "420.69",
    "desconto_dinheiro": "5.00",
    "desconto_retira": "5.00",
    "unidade": "CM3",
    "quantidade": "1.00",
    "total_bruto": "420.69",
    "desconto_total": "84.14",
    "desconto_unitario": "84.14",
    "total_final": "336.55"
  }
},
{
  "model": "app.pedido_produto",
  "pk": 121,
  "fields": {
    "pedido": 97,
    "produto": null,
    "nome_produto": "",
    "codigo": "SeiLa4",
    "descricao": "SeiLa4",
    "codigo_GTIN": "SeiLa4",
    "preco_unitario_bruto": "420.69",
    "desconto_dinheiro": "5.00",
    "desconto_retira": "5.00",
    "unidade": "CM3",
    "quantidade": "1.00",
    "total_bruto": "420.69",
    "desconto_total": "84.14",
    "desconto_unitario": "84.14",
    "total_final": "336.55"
  }
},
{
  "model": "app.pedido_produto",
  "pk": 122,
  "fields": {
    "pedido": 98,
    "produto": null,
    "nome_produto": "",
    "codigo": "Gengar",
    "descricao": "Teste 3 da api de upload em massa",
    "codigo_GTIN": "Gengar",
    "preco_unitario_bruto": "56.56",
    "desconto_dinheiro": "7.00",
    "desconto_retira": "5.00",
    "unidade": "M2",
    "quantidade": "1.00",
    "total_bruto": "113.12",
    "desconto_total": "16.97",
    "desconto_unitario": "16.97",
    "total_final": "96.15"
  }
},
{
  "model": "app.pedido_produto",
  "pk": 123,
  "fields": {
    "pedido": 99,
    "produto": 11,
    "nome_produto": "",
    "codigo": "143830",
    "descricao": "PISO ROX RX44505 A CX2,50 44X44 LB BRI NEPAL",
    "codigo_GTIN": "143830",
    "preco_unitario_bruto": "28.43",
    "desconto_dinheiro": "7.00",
    "desconto_retira": "8.00",
    "unidade": "M2",
    "quantidade": "1.00",
    "total_bruto": "71.08",
    "desconto_total": "21.32",
    "desconto_unitario": "21.32",
    "total_final": "49.76"
  }
},
{
  "model": "app.banner",
  "pk": 1,
  "fields": {
    "title": "Excellence Pythonanywhere",
    "image_grande": "banners/banner1.png",
    "image_pequena": "banners/banner1_tqYrXVY.png",
    "link": "https://joaomarcelo1.pythonanywhere.com/",
    "active": true
  }
},
{
  "model": "app.banner",
  "pk": 2,
  "fields": {
    "title": "Ska",
    "image_grande": "banners/banner2.png",
    "image_pequena": "banners/banner2_FTQXHw2.png",
    "link": "https://www.youtube.com/watch?v=AgwDEkMsJdk",
    "active": true
  }
},
{
  "model": "app.banner",
  "pk": 3,
  "fields": {
    "title": "Mage-Guapimirim",
    "image_grande": "banners/banner3.png",
    "image_pequena": "banners/banner3_xXu5xcX.png",
    "link": "https://casahg.com.br/mage-guapimirim/",
    "active": true
  }
},
{
  "model": "app.empresa",
  "pk": 1,
  "fields": {
    "titulo": "Casa HG",
    "link": "https://casahg.com.br/encarte/",
    "image": "empresas/hg-teste_jXgRLs3.png"
  }
},
{
  "model": "app.teststatus",
  "pk": 1,
  "fields": {
    "status": "<QueryDict: {}>",
    "cu": ""
  }
},
{
  "model": "app.teststatus",
  "pk": 2,
  "fields": {
    "status": "cu",
    "cu": ""
  }
},
{
  "model": "app.teststatus",
  "pk": 3,
  "fields": {
    "status": "<QueryDict: {}>",
    "cu": ""
  }
},
{
  "model": "app.teststatus",
  "pk": 4,
  "fields": {
    "status": "cu",
    "cu": ""
  }
},
{
  "model": "app.teststatus",
  "pk": 5,
  "fields": {
    "status": "GET",
    "cu": ""
  }
},
{
  "model": "app.teststatus",
  "pk": 6,
  "fields": {
    "status": "Novo Produto",
    "cu": ""
  }
},
{
  "model": "app.teststatus",
  "pk": 7,
  "fields": {
    "status": "Novo Produto",
    "cu": ""
  }
},
{
  "model": "app.teststatus",
  "pk": 8,
  "fields": {
    "status": "Novo Cu",
    "cu": ""
  }
},
{
  "model": "app.teststatus",
  "pk": 9,
  "fields": {
    "status": "Cu",
    "cu": ""
  }
},
{
  "model": "app.teststatus",
  "pk": 10,
  "fields": {
    "status": "fala",
    "cu": "cu"
  }
},
{
  "model": "app.teststatus",
  "pk": 11,
  "fields": {
    "status": "Fala comigo",
    "cu": ""
  }
},
{
  "model": "app.teststatus",
  "pk": 12,
  "fields": {
    "status": "Fala comigo bb",
    "cu": ""
  }
},
{
  "model": "app.teststatus",
  "pk": 13,
  "fields": {
    "status": "Fala mano",
    "cu": ""
  }
},
{
  "model": "auth.permission",
  "fields": {
    "name": "Can add log entry",
    "content_type": [
      "admin",
      "logentry"
    ],
    "codename": "add_logentry"
  }
},
{
  "model": "auth.permission",
  "fields": {
    "name": "Can change log entry",
    "content_type": [
      "admin",
      "logentry"
    ],
    "codename": "change_logentry"
  }
},
{
  "model": "auth.permission",
  "fields": {
    "name": "Can delete log entry",
    "content_type": [
      "admin",
      "logentry"
    ],
    "codename": "delete_logentry"
  }
},
{
  "model": "auth.permission",
  "fields": {
    "name": "Can view log entry",
    "content_type": [
      "admin",
      "logentry"
    ],
    "codename": "view_logentry"
  }
},
{
  "model": "auth.permission",
  "fields": {
    "name": "Can add permission",
    "content_type": [
      "auth",
      "permission"
    ],
    "codename": "add_permission"
  }
},
{
  "model": "auth.permission",
  "fields": {
    "name": "Can change permission",
    "content_type": [
      "auth",
      "permission"
    ],
    "codename": "change_permission"
  }
},
{
  "model": "auth.permission",
  "fields": {
    "name": "Can delete permission",
    "content_type": [
      "auth",
      "permission"
    ],
    "codename": "delete_permission"
  }
},
{
  "model": "auth.permission",
  "fields": {
    "name": "Can view permission",
    "content_type": [
      "auth",
      "permission"
    ],
    "codename": "view_permission"
  }
},
{
  "model": "auth.permission",
  "fields": {
    "name": "Can add group",
    "content_type": [
      "auth",
      "group"
    ],
    "codename": "add_group"
  }
},
{
  "model": "auth.permission",
  "fields": {
    "name": "Can change group",
    "content_type": [
      "auth",
      "group"
    ],
    "codename": "change_group"
  }
},
{
  "model": "auth.permission",
  "fields": {
    "name": "Can delete group",
    "content_type": [
      "auth",
      "group"
    ],
    "codename": "delete_group"
  }
},
{
  "model": "auth.permission",
  "fields": {
    "name": "Can view group",
    "content_type": [
      "auth",
      "group"
    ],
    "codename": "view_group"
  }
},
{
  "model": "auth.permission",
  "fields": {
    "name": "Can add user",
    "content_type": [
      "auth",
      "user"
    ],
    "codename": "add_user"
  }
},
{
  "model": "auth.permission",
  "fields": {
    "name": "Can change user",
    "content_type": [
      "auth",
      "user"
    ],
    "codename": "change_user"
  }
},
{
  "model": "auth.permission",
  "fields": {
    "name": "Can delete user",
    "content_type": [
      "auth",
      "user"
    ],
    "codename": "delete_user"
  }
},
{
  "model": "auth.permission",
  "fields": {
    "name": "Can view user",
    "content_type": [
      "auth",
      "user"
    ],
    "codename": "view_user"
  }
},
{
  "model": "auth.permission",
  "fields": {
    "name": "Can add content type",
    "content_type": [
      "contenttypes",
      "contenttype"
    ],
    "codename": "add_contenttype"
  }
},
{
  "model": "auth.permission",
  "fields": {
    "name": "Can change content type",
    "content_type": [
      "contenttypes",
      "contenttype"
    ],
    "codename": "change_contenttype"
  }
},
{
  "model": "auth.permission",
  "fields": {
    "name": "Can delete content type",
    "content_type": [
      "contenttypes",
      "contenttype"
    ],
    "codename": "delete_contenttype"
  }
},
{
  "model": "auth.permission",
  "fields": {
    "name": "Can view content type",
    "content_type": [
      "contenttypes",
      "contenttype"
    ],
    "codename": "view_contenttype"
  }
},
{
  "model": "auth.permission",
  "fields": {
    "name": "Can add session",
    "content_type": [
      "sessions",
      "session"
    ],
    "codename": "add_session"
  }
},
{
  "model": "auth.permission",
  "fields": {
    "name": "Can change session",
    "content_type": [
      "sessions",
      "session"
    ],
    "codename": "change_session"
  }
},
{
  "model": "auth.permission",
  "fields": {
    "name": "Can delete session",
    "content_type": [
      "sessions",
      "session"
    ],
    "codename": "delete_session"
  }
},
{
  "model": "auth.permission",
  "fields": {
    "name": "Can view session",
    "content_type": [
      "sessions",
      "session"
    ],
    "codename": "view_session"
  }
},
{
  "model": "auth.permission",
  "fields": {
    "name": "Can add Curso",
    "content_type": [
      "app",
      "curso"
    ],
    "codename": "add_curso"
  }
},
{
  "model": "auth.permission",
  "fields": {
    "name": "Can change Curso",
    "content_type": [
      "app",
      "curso"
    ],
    "codename": "change_curso"
  }
},
{
  "model": "auth.permission",
  "fields": {
    "name": "Can delete Curso",
    "content_type": [
      "app",
      "curso"
    ],
    "codename": "delete_curso"
  }
},
{
  "model": "auth.permission",
  "fields": {
    "name": "Can view Curso",
    "content_type": [
      "app",
      "curso"
    ],
    "codename": "view_curso"
  }
},
{
  "model": "auth.permission",
  "fields": {
    "name": "Can add Avaliação",
    "content_type": [
      "app",
      "avaliacao"
    ],
    "codename": "add_avaliacao"
  }
},
{
  "model": "auth.permission",
  "fields": {
    "name": "Can change Avaliação",
    "content_type": [
      "app",
      "avaliacao"
    ],
    "codename": "change_avaliacao"
  }
},
{
  "model": "auth.permission",
  "fields": {
    "name": "Can delete Avaliação",
    "content_type": [
      "app",
      "avaliacao"
    ],
    "codename": "delete_avaliacao"
  }
},
{
  "model": "auth.permission",
  "fields": {
    "name": "Can view Avaliação",
    "content_type": [
      "app",
      "avaliacao"
    ],
    "codename": "view_avaliacao"
  }
},
{
  "model": "auth.permission",
  "fields": {
    "name": "Can add produto",
    "content_type": [
      "app",
      "produto"
    ],
    "codename": "add_produto"
  }
},
{
  "model": "auth.permission",
  "fields": {
    "name": "Can change produto",
    "content_type": [
      "app",
      "produto"
    ],
    "codename": "change_produto"
  }
},
{
  "model": "auth.permission",
  "fields": {
    "name": "Can delete produto",
    "content_type": [
      "app",
      "produto"
    ],
    "codename": "delete_produto"
  }
},
{
  "model": "auth.permission",
  "fields": {
    "name": "Can view produto",
    "content_type": [
      "app",
      "produto"
    ],
    "codename": "view_produto"
  }
},
{
  "model": "auth.permission",
  "fields": {
    "name": "Can add categoria",
    "content_type": [
      "app",
      "categoria"
    ],
    "codename": "add_categoria"
  }
},
{
  "model": "auth.permission",
  "fields": {
    "name": "Can change categoria",
    "content_type": [
      "app",
      "categoria"
    ],
    "codename": "change_categoria"
  }
},
{
  "model": "auth.permission",
  "fields": {
    "name": "Can delete categoria",
    "content_type": [
      "app",
      "categoria"
    ],
    "codename": "delete_categoria"
  }
},
{
  "model": "auth.permission",
  "fields": {
    "name": "Can view categoria",
    "content_type": [
      "app",
      "categoria"
    ],
    "codename": "view_categoria"
  }
},
{
  "model": "auth.permission",
  "fields": {
    "name": "Can add carro produto",
    "content_type": [
      "app",
      "carroproduto"
    ],
    "codename": "add_carroproduto"
  }
},
{
  "model": "auth.permission",
  "fields": {
    "name": "Can change carro produto",
    "content_type": [
      "app",
      "carroproduto"
    ],
    "codename": "change_carroproduto"
  }
},
{
  "model": "auth.permission",
  "fields": {
    "name": "Can delete carro produto",
    "content_type": [
      "app",
      "carroproduto"
    ],
    "codename": "delete_carroproduto"
  }
},
{
  "model": "auth.permission",
  "fields": {
    "name": "Can view carro produto",
    "content_type": [
      "app",
      "carroproduto"
    ],
    "codename": "view_carroproduto"
  }
},
{
  "model": "auth.permission",
  "fields": {
    "name": "Can add cliente",
    "content_type": [
      "app",
      "cliente"
    ],
    "codename": "add_cliente"
  }
},
{
  "model": "auth.permission",
  "fields": {
    "name": "Can change cliente",
    "content_type": [
      "app",
      "cliente"
    ],
    "codename": "change_cliente"
  }
},
{
  "model": "auth.permission",
  "fields": {
    "name": "Can delete cliente",
    "content_type": [
      "app",
      "cliente"
    ],
    "codename": "delete_cliente"
  }
},
{
  "model": "auth.permission",
  "fields": {
    "name": "Can view cliente",
    "content_type": [
      "app",
      "cliente"
    ],
    "codename": "view_cliente"
  }
},
{
  "model": "auth.permission",
  "fields": {
    "name": "Can add carro",
    "content_type": [
      "app",
      "carro"
    ],
    "codename": "add_carro"
  }
},
{
  "model": "auth.permission",
  "fields": {
    "name": "Can change carro",
    "content_type": [
      "app",
      "carro"
    ],
    "codename": "change_carro"
  }
},
{
  "model": "auth.permission",
  "fields": {
    "name": "Can delete carro",
    "content_type": [
      "app",
      "carro"
    ],
    "codename": "delete_carro"
  }
},
{
  "model": "auth.permission",
  "fields": {
    "name": "Can view carro",
    "content_type": [
      "app",
      "carro"
    ],
    "codename": "view_carro"
  }
},
{
  "model": "auth.permission",
  "fields": {
    "name": "Can add pedido_order",
    "content_type": [
      "app",
      "pedido_order"
    ],
    "codename": "add_pedido_order"
  }
},
{
  "model": "auth.permission",
  "fields": {
    "name": "Can change pedido_order",
    "content_type": [
      "app",
      "pedido_order"
    ],
    "codename": "change_pedido_order"
  }
},
{
  "model": "auth.permission",
  "fields": {
    "name": "Can delete pedido_order",
    "content_type": [
      "app",
      "pedido_order"
    ],
    "codename": "delete_pedido_order"
  }
},
{
  "model": "auth.permission",
  "fields": {
    "name": "Can view pedido_order",
    "content_type": [
      "app",
      "pedido_order"
    ],
    "codename": "view_pedido_order"
  }
},
{
  "model": "auth.permission",
  "fields": {
    "name": "Can add empresa",
    "content_type": [
      "app",
      "empresa"
    ],
    "codename": "add_empresa"
  }
},
{
  "model": "auth.permission",
  "fields": {
    "name": "Can change empresa",
    "content_type": [
      "app",
      "empresa"
    ],
    "codename": "change_empresa"
  }
},
{
  "model": "auth.permission",
  "fields": {
    "name": "Can delete empresa",
    "content_type": [
      "app",
      "empresa"
    ],
    "codename": "delete_empresa"
  }
},
{
  "model": "auth.permission",
  "fields": {
    "name": "Can view empresa",
    "content_type": [
      "app",
      "empresa"
    ],
    "codename": "view_empresa"
  }
},
{
  "model": "auth.permission",
  "fields": {
    "name": "Can add admin",
    "content_type": [
      "app",
      "admin"
    ],
    "codename": "add_admin"
  }
},
{
  "model": "auth.permission",
  "fields": {
    "name": "Can change admin",
    "content_type": [
      "app",
      "admin"
    ],
    "codename": "change_admin"
  }
},
{
  "model": "auth.permission",
  "fields": {
    "name": "Can delete admin",
    "content_type": [
      "app",
      "admin"
    ],
    "codename": "delete_admin"
  }
},
{
  "model": "auth.permission",
  "fields": {
    "name": "Can view admin",
    "content_type": [
      "app",
      "admin"
    ],
    "codename": "view_admin"
  }
},
{
  "model": "auth.permission",
  "fields": {
    "name": "Can add encarte",
    "content_type": [
      "app",
      "encarte"
    ],
    "codename": "add_encarte"
  }
},
{
  "model": "auth.permission",
  "fields": {
    "name": "Can change encarte",
    "content_type": [
      "app",
      "encarte"
    ],
    "codename": "change_encarte"
  }
},
{
  "model": "auth.permission",
  "fields": {
    "name": "Can delete encarte",
    "content_type": [
      "app",
      "encarte"
    ],
    "codename": "delete_encarte"
  }
},
{
  "model": "auth.permission",
  "fields": {
    "name": "Can view encarte",
    "content_type": [
      "app",
      "encarte"
    ],
    "codename": "view_encarte"
  }
},
{
  "model": "auth.permission",
  "fields": {
    "name": "Can add endereco",
    "content_type": [
      "app",
      "endereco"
    ],
    "codename": "add_endereco"
  }
},
{
  "model": "auth.permission",
  "fields": {
    "name": "Can change endereco",
    "content_type": [
      "app",
      "endereco"
    ],
    "codename": "change_endereco"
  }
},
{
  "model": "auth.permission",
  "fields": {
    "name": "Can delete endereco",
    "content_type": [
      "app",
      "endereco"
    ],
    "codename": "delete_endereco"
  }
},
{
  "model": "auth.permission",
  "fields": {
    "name": "Can view endereco",
    "content_type": [
      "app",
      "endereco"
    ],
    "codename": "view_endereco"
  }
},
{
  "model": "auth.permission",
  "fields": {
    "name": "Can add banner",
    "content_type": [
      "app",
      "banner"
    ],
    "codename": "add_banner"
  }
},
{
  "model": "auth.permission",
  "fields": {
    "name": "Can change banner",
    "content_type": [
      "app",
      "banner"
    ],
    "codename": "change_banner"
  }
},
{
  "model": "auth.permission",
  "fields": {
    "name": "Can delete banner",
    "content_type": [
      "app",
      "banner"
    ],
    "codename": "delete_banner"
  }
},
{
  "model": "auth.permission",
  "fields": {
    "name": "Can view banner",
    "content_type": [
      "app",
      "banner"
    ],
    "codename": "view_banner"
  }
},
{
  "model": "auth.permission",
  "fields": {
    "name": "Can add pedido_ produto",
    "content_type": [
      "app",
      "pedido_produto"
    ],
    "codename": "add_pedido_produto"
  }
},
{
  "model": "auth.permission",
  "fields": {
    "name": "Can change pedido_ produto",
    "content_type": [
      "app",
      "pedido_produto"
    ],
    "codename": "change_pedido_produto"
  }
},
{
  "model": "auth.permission",
  "fields": {
    "name": "Can delete pedido_ produto",
    "content_type": [
      "app",
      "pedido_produto"
    ],
    "codename": "delete_pedido_produto"
  }
},
{
  "model": "auth.permission",
  "fields": {
    "name": "Can view pedido_ produto",
    "content_type": [
      "app",
      "pedido_produto"
    ],
    "codename": "view_pedido_produto"
  }
},
{
  "model": "auth.permission",
  "fields": {
    "name": "Can add Checkout",
    "content_type": [
      "pagseguro",
      "checkout"
    ],
    "codename": "add_checkout"
  }
},
{
  "model": "auth.permission",
  "fields": {
    "name": "Can change Checkout",
    "content_type": [
      "pagseguro",
      "checkout"
    ],
    "codename": "change_checkout"
  }
},
{
  "model": "auth.permission",
  "fields": {
    "name": "Can delete Checkout",
    "content_type": [
      "pagseguro",
      "checkout"
    ],
    "codename": "delete_checkout"
  }
},
{
  "model": "auth.permission",
  "fields": {
    "name": "Can view Checkout",
    "content_type": [
      "pagseguro",
      "checkout"
    ],
    "codename": "view_checkout"
  }
},
{
  "model": "auth.permission",
  "fields": {
    "name": "Can add Transação",
    "content_type": [
      "pagseguro",
      "transaction"
    ],
    "codename": "add_transaction"
  }
},
{
  "model": "auth.permission",
  "fields": {
    "name": "Can change Transação",
    "content_type": [
      "pagseguro",
      "transaction"
    ],
    "codename": "change_transaction"
  }
},
{
  "model": "auth.permission",
  "fields": {
    "name": "Can delete Transação",
    "content_type": [
      "pagseguro",
      "transaction"
    ],
    "codename": "delete_transaction"
  }
},
{
  "model": "auth.permission",
  "fields": {
    "name": "Can view Transação",
    "content_type": [
      "pagseguro",
      "transaction"
    ],
    "codename": "view_transaction"
  }
},
{
  "model": "auth.permission",
  "fields": {
    "name": "Can add Histórico da transação",
    "content_type": [
      "pagseguro",
      "transactionhistory"
    ],
    "codename": "add_transactionhistory"
  }
},
{
  "model": "auth.permission",
  "fields": {
    "name": "Can change Histórico da transação",
    "content_type": [
      "pagseguro",
      "transactionhistory"
    ],
    "codename": "change_transactionhistory"
  }
},
{
  "model": "auth.permission",
  "fields": {
    "name": "Can delete Histórico da transação",
    "content_type": [
      "pagseguro",
      "transactionhistory"
    ],
    "codename": "delete_transactionhistory"
  }
},
{
  "model": "auth.permission",
  "fields": {
    "name": "Can view Histórico da transação",
    "content_type": [
      "pagseguro",
      "transactionhistory"
    ],
    "codename": "view_transactionhistory"
  }
},
{
  "model": "auth.permission",
  "fields": {
    "name": "Can add fotos_ produto",
    "content_type": [
      "app",
      "fotosproduto"
    ],
    "codename": "add_fotos_produto"
  }
},
{
  "model": "auth.permission",
  "fields": {
    "name": "Can change fotos_ produto",
    "content_type": [
      "app",
      "fotosproduto"
    ],
    "codename": "change_fotos_produto"
  }
},
{
  "model": "auth.permission",
  "fields": {
    "name": "Can delete fotos_ produto",
    "content_type": [
      "app",
      "fotosproduto"
    ],
    "codename": "delete_fotos_produto"
  }
},
{
  "model": "auth.permission",
  "fields": {
    "name": "Can view fotos_ produto",
    "content_type": [
      "app",
      "fotosproduto"
    ],
    "codename": "view_fotos_produto"
  }
},
{
  "model": "auth.permission",
  "fields": {
    "name": "Can add test_ status",
    "content_type": [
      "app",
      "teststatus"
    ],
    "codename": "add_test_status"
  }
},
{
  "model": "auth.permission",
  "fields": {
    "name": "Can change test_ status",
    "content_type": [
      "app",
      "teststatus"
    ],
    "codename": "change_test_status"
  }
},
{
  "model": "auth.permission",
  "fields": {
    "name": "Can delete test_ status",
    "content_type": [
      "app",
      "teststatus"
    ],
    "codename": "delete_test_status"
  }
},
{
  "model": "auth.permission",
  "fields": {
    "name": "Can view test_ status",
    "content_type": [
      "app",
      "teststatus"
    ],
    "codename": "view_test_status"
  }
},
{
  "model": "auth.permission",
  "fields": {
    "name": "Can add test status",
    "content_type": [
      "app",
      "teststatus"
    ],
    "codename": "add_teststatus"
  }
},
{
  "model": "auth.permission",
  "fields": {
    "name": "Can change test status",
    "content_type": [
      "app",
      "teststatus"
    ],
    "codename": "change_teststatus"
  }
},
{
  "model": "auth.permission",
  "fields": {
    "name": "Can delete test status",
    "content_type": [
      "app",
      "teststatus"
    ],
    "codename": "delete_teststatus"
  }
},
{
  "model": "auth.permission",
  "fields": {
    "name": "Can view test status",
    "content_type": [
      "app",
      "teststatus"
    ],
    "codename": "view_teststatus"
  }
},
{
  "model": "auth.permission",
  "fields": {
    "name": "Can add fotos produto",
    "content_type": [
      "app",
      "fotosproduto"
    ],
    "codename": "add_fotosproduto"
  }
},
{
  "model": "auth.permission",
  "fields": {
    "name": "Can change fotos produto",
    "content_type": [
      "app",
      "fotosproduto"
    ],
    "codename": "change_fotosproduto"
  }
},
{
  "model": "auth.permission",
  "fields": {
    "name": "Can delete fotos produto",
    "content_type": [
      "app",
      "fotosproduto"
    ],
    "codename": "delete_fotosproduto"
  }
},
{
  "model": "auth.permission",
  "fields": {
    "name": "Can view fotos produto",
    "content_type": [
      "app",
      "fotosproduto"
    ],
    "codename": "view_fotosproduto"
  }
},
{
  "model": "auth.permission",
  "fields": {
    "name": "Can add API key",
    "content_type": [
      "rest_framework_api_key",
      "apikey"
    ],
    "codename": "add_apikey"
  }
},
{
  "model": "auth.permission",
  "fields": {
    "name": "Can change API key",
    "content_type": [
      "rest_framework_api_key",
      "apikey"
    ],
    "codename": "change_apikey"
  }
},
{
  "model": "auth.permission",
  "fields": {
    "name": "Can delete API key",
    "content_type": [
      "rest_framework_api_key",
      "apikey"
    ],
    "codename": "delete_apikey"
  }
},
{
  "model": "auth.permission",
  "fields": {
    "name": "Can view API key",
    "content_type": [
      "rest_framework_api_key",
      "apikey"
    ],
    "codename": "view_apikey"
  }
},
{
  "model": "auth.permission",
  "fields": {
    "name": "Can add API key",
    "content_type": [
      "app",
      "produtoapikey"
    ],
    "codename": "add_produtoapikey"
  }
},
{
  "model": "auth.permission",
  "fields": {
    "name": "Can change API key",
    "content_type": [
      "app",
      "produtoapikey"
    ],
    "codename": "change_produtoapikey"
  }
},
{
  "model": "auth.permission",
  "fields": {
    "name": "Can delete API key",
    "content_type": [
      "app",
      "produtoapikey"
    ],
    "codename": "delete_produtoapikey"
  }
},
{
  "model": "auth.permission",
  "fields": {
    "name": "Can view API key",
    "content_type": [
      "app",
      "produtoapikey"
    ],
    "codename": "view_produtoapikey"
  }
},
{
  "model": "auth.permission",
  "fields": {
    "name": "Can add API key",
    "content_type": [
      "app",
      "apikey"
    ],
    "codename": "add_apikey"
  }
},
{
  "model": "auth.permission",
  "fields": {
    "name": "Can change API key",
    "content_type": [
      "app",
      "apikey"
    ],
    "codename": "change_apikey"
  }
},
{
  "model": "auth.permission",
  "fields": {
    "name": "Can delete API key",
    "content_type": [
      "app",
      "apikey"
    ],
    "codename": "delete_apikey"
  }
},
{
  "model": "auth.permission",
  "fields": {
    "name": "Can view API key",
    "content_type": [
      "app",
      "apikey"
    ],
    "codename": "view_apikey"
  }
},
{
  "model": "auth.permission",
  "fields": {
    "name": "Can add link counter",
    "content_type": [
      "verify_email",
      "linkcounter"
    ],
    "codename": "add_linkcounter"
  }
},
{
  "model": "auth.permission",
  "fields": {
    "name": "Can change link counter",
    "content_type": [
      "verify_email",
      "linkcounter"
    ],
    "codename": "change_linkcounter"
  }
},
{
  "model": "auth.permission",
  "fields": {
    "name": "Can delete link counter",
    "content_type": [
      "verify_email",
      "linkcounter"
    ],
    "codename": "delete_linkcounter"
  }
},
{
  "model": "auth.permission",
  "fields": {
    "name": "Can view link counter",
    "content_type": [
      "verify_email",
      "linkcounter"
    ],
    "codename": "view_linkcounter"
  }
},
{
  "model": "auth.user",
  "fields": {
    "password": "pbkdf2_sha256$260000$OqNwixuOcrgU3GBwuETt4F$prINwLw69vPbH82NzsOvyOYfoF2rrh1r1fs/i/4s9+4=",
    "last_login": "2025-03-31T19:10:45.895Z",
    "is_superuser": true,
    "username": "admin",
    "first_name": "",
    "last_name": "",
    "email": "",
    "is_staff": true,
    "is_active": true,
    "date_joined": "2024-03-01T03:28:34Z",
    "groups": [],
    "user_permissions": []
  }
},
{
  "model": "auth.user",
  "fields": {
    "password": "pbkdf2_sha256$260000$wKGW836nV9t5qMMMwSTxdC$f2YBGLJ4Oo2k+ML77t6moJZ+2sTjl0cfDkBM6wPLE54=",
    "last_login": "2024-12-19T15:22:23.391Z",
    "is_superuser": false,
    "username": "joaomarceloguima23@gmail.com",
    "first_name": "João",
    "last_name": "Guimarães",
    "email": "joaomarceloguima23@gmail.com",
    "is_staff": false,
    "is_active": true,
    "date_joined": "2024-03-24T05:09:52.836Z",
    "groups": [],
    "user_permissions": []
  }
},
{
  "model": "auth.user",
  "fields": {
    "password": "pbkdf2_sha256$260000$rGKMqyoycdx9rDxq20zf2Z$//o9JMoMEdeYzqwPcTZCSLsGvaxyMPix+1QfnlF2t0w=",
    "last_login": "2025-03-26T20:49:40.466Z",
    "is_superuser": true,
    "username": "Alva",
    "first_name": "",
    "last_name": "",
    "email": "",
    "is_staff": true,
    "is_active": true,
    "date_joined": "2024-12-20T22:55:09Z",
    "groups": [],
    "user_permissions": []
  }
},
{
  "model": "auth.user",
  "fields": {
    "password": "pbkdf2_sha256$600000$1N0O5bHjPVrRdN6r4HWPKJ$+9vRR0Fv3MU4zPpW22bAuu3hNCdtP+0NWb2OKfggj9M=",
    "last_login": "2025-01-06T17:47:18.691Z",
    "is_superuser": false,
    "username": "test@test.com",
    "first_name": "Test",
    "last_name": "Test",
    "email": "test@test.com",
    "is_staff": false,
    "is_active": true,
    "date_joined": "2025-01-06T17:47:18.248Z",
    "groups": [],
    "user_permissions": []
  }
},
{
  "model": "app.cliente",
  "pk": 16,
  "fields": {
    "user": [
      "joaomarceloguima23@gmail.com"
    ],
    "nome": "João",
    "sobrenome": "Guimarães",
    "cpf_ou_cnpj": "49770504017",
    "cpf_ou_cnpj_formatado": "497.705.040-17",
    "bool_cpf_cnpj": true,
    "email": "joaomarceloguima23@gmail.com",
    "telefone": "+55 (21) 97004-4799",
    "data_criacao": "2024-03-24T05:09:53.361Z",
    "verificado": true
  }
},
{
  "model": "app.cliente",
  "pk": 17,
  "fields": {
    "user": [
      "Alva"
    ],
    "nome": "Alva",
    "sobrenome": "Test",
    "cpf_ou_cnpj": "46289466046",
    "cpf_ou_cnpj_formatado": "462.894.660-46",
    "bool_cpf_cnpj": true,
    "email": "test@test.com",
    "telefone": "+55 (11) 91111-1111",
    "data_criacao": "2024-12-20T22:57:40.990Z",
    "verificado": true
  }
},
{
  "model": "app.cliente",
  "pk": 19,
  "fields": {
    "user": [
      "admin"
    ],
    "nome": "Casa",
    "sobrenome": "HG",
    "cpf_ou_cnpj": "11815947000177",
    "cpf_ou_cnpj_formatado": "11.815.947/0001-77",
    "bool_cpf_cnpj": false,
    "email": "test@test.com",
    "telefone": "+55 (11) 91111-1111",
    "data_criacao": "2024-12-31T18:24:36.166Z",
    "verificado": true
  }
},
{
  "model": "app.cliente",
  "pk": 20,
  "fields": {
    "user": [
      "test@test.com"
    ],
    "nome": "Test",
    "sobrenome": "Test",
    "cpf_ou_cnpj": "42866422082",
    "cpf_ou_cnpj_formatado": "428.664.220-82",
    "bool_cpf_cnpj": true,
    "email": "test@test.com",
    "telefone": "+55 (11) 91111-1111",
    "data_criacao": "2025-01-06T17:47:18.697Z",
    "verificado": true
  }
},
{
  "model": "app.admin",
  "pk": 1,
  "fields": {
    "user": [
      "Alva"
    ],
    "nome_completo": "Alva Test",
    "image": "",
    "email": "test@test.com",
    "telefone": "+55 (11) 91111-1111"
  }
},
{
  "model": "app.admin",
  "pk": 2,
  "fields": {
    "user": [
      "admin"
    ],
    "nome_completo": "Admin Loja",
    "image": "",
    "email": "Jorge@jorge.com",
    "telefone": "+55 (11) 91111-1111"
  }
},
{
  "model": "admin.logentry",
  "pk": 1,
  "fields": {
    "action_time": "2024-03-01T03:33:19.251Z",
    "user": [
      "admin"
    ],
    "content_type": [
      "app",
      "curso"
    ],
    "object_id": "1",
    "object_repr": "Curso de Django Framework",
    "action_flag": 1,
    "change_message": "[{\"added\": {}}]"
  }
},
{
  "model": "admin.logentry",
  "pk": 2,
  "fields": {
    "action_time": "2024-03-01T03:34:02.930Z",
    "user": [
      "admin"
    ],
    "content_type": [
      "app",
      "avaliacao"
    ],
    "object_id": "1",
    "object_repr": "Avaliacao object (1)",
    "action_flag": 1,
    "change_message": "[{\"added\": {}}]"
  }
},
{
  "model": "admin.logentry",
  "pk": 3,
  "fields": {
    "action_time": "2024-03-01T18:41:16.951Z",
    "user": [
      "admin"
    ],
    "content_type": [
      "app",
      "categoria"
    ],
    "object_id": "1",
    "object_repr": "Eletronica",
    "action_flag": 1,
    "change_message": "[{\"added\": {}}]"
  }
},
{
  "model": "admin.logentry",
  "pk": 4,
  "fields": {
    "action_time": "2024-03-01T18:41:42.060Z",
    "user": [
      "admin"
    ],
    "content_type": [
      "app",
      "categoria"
    ],
    "object_id": "2",
    "object_repr": "Roupas e Modas",
    "action_flag": 1,
    "change_message": "[{\"added\": {}}]"
  }
},
{
  "model": "admin.logentry",
  "pk": 5,
  "fields": {
    "action_time": "2024-03-01T18:44:47.683Z",
    "user": [
      "admin"
    ],
    "content_type": [
      "app",
      "produto"
    ],
    "object_id": "1",
    "object_repr": "Relógio",
    "action_flag": 1,
    "change_message": "[{\"added\": {}}]"
  }
},
{
  "model": "admin.logentry",
  "pk": 6,
  "fields": {
    "action_time": "2024-03-01T18:47:40.167Z",
    "user": [
      "admin"
    ],
    "content_type": [
      "app",
      "produto"
    ],
    "object_id": "2",
    "object_repr": "Computador dell",
    "action_flag": 1,
    "change_message": "[{\"added\": {}}]"
  }
},
{
  "model": "admin.logentry",
  "pk": 7,
  "fields": {
    "action_time": "2024-03-01T18:49:14.933Z",
    "user": [
      "admin"
    ],
    "content_type": [
      "app",
      "produto"
    ],
    "object_id": "3",
    "object_repr": "telefone",
    "action_flag": 1,
    "change_message": "[{\"added\": {}}]"
  }
},
{
  "model": "admin.logentry",
  "pk": 8,
  "fields": {
    "action_time": "2024-03-01T18:50:33.734Z",
    "user": [
      "admin"
    ],
    "content_type": [
      "app",
      "produto"
    ],
    "object_id": "4",
    "object_repr": "camiseta masculina",
    "action_flag": 1,
    "change_message": "[{\"added\": {}}]"
  }
},
{
  "model": "admin.logentry",
  "pk": 9,
  "fields": {
    "action_time": "2024-03-01T20:42:26.392Z",
    "user": [
      "admin"
    ],
    "content_type": [
      "app",
      "produto"
    ],
    "object_id": "5",
    "object_repr": "calça feminino",
    "action_flag": 1,
    "change_message": "[{\"added\": {}}]"
  }
},
{
  "model": "admin.logentry",
  "pk": 10,
  "fields": {
    "action_time": "2024-03-02T12:47:01.478Z",
    "user": [
      "admin"
    ],
    "content_type": [
      "app",
      "empresa"
    ],
    "object_id": "1",
    "object_repr": "HG",
    "action_flag": 1,
    "change_message": "[{\"added\": {}}]"
  }
},
{
  "model": "admin.logentry",
  "pk": 11,
  "fields": {
    "action_time": "2024-03-02T21:34:55.441Z",
    "user": [
      "admin"
    ],
    "content_type": [
      "app",
      "carro"
    ],
    "object_id": "2",
    "object_repr": "Carro:2",
    "action_flag": 3,
    "change_message": ""
  }
},
{
  "model": "admin.logentry",
  "pk": 12,
  "fields": {
    "action_time": "2024-03-02T21:37:08.866Z",
    "user": [
      "admin"
    ],
    "content_type": [
      "app",
      "carro"
    ],
    "object_id": "3",
    "object_repr": "Carro:3",
    "action_flag": 3,
    "change_message": ""
  }
},
{
  "model": "admin.logentry",
  "pk": 13,
  "fields": {
    "action_time": "2024-03-02T21:37:08.876Z",
    "user": [
      "admin"
    ],
    "content_type": [
      "app",
      "carro"
    ],
    "object_id": "1",
    "object_repr": "Carro:1",
    "action_flag": 3,
    "change_message": ""
  }
},
{
  "model": "admin.logentry",
  "pk": 14,
  "fields": {
    "action_time": "2024-03-03T03:29:53.249Z",
    "user": [
      "admin"
    ],
    "content_type": [
      "app",
      "empresa"
    ],
    "object_id": "1",
    "object_repr": "HG",
    "action_flag": 2,
    "change_message": "[{\"changed\": {\"fields\": [\"Image\"]}}]"
  }
},
{
  "model": "admin.logentry",
  "pk": 15,
  "fields": {
    "action_time": "2024-03-04T18:00:39.586Z",
    "user": [
      "admin"
    ],
    "content_type": [
      "app",
      "carro"
    ],
    "object_id": "4",
    "object_repr": "Carro:4",
    "action_flag": 3,
    "change_message": ""
  }
},
{
  "model": "admin.logentry",
  "pk": 16,
  "fields": {
    "action_time": "2024-03-05T20:38:44.580Z",
    "user": [
      "admin"
    ],
    "content_type": [
      "app",
      "pedido_order"
    ],
    "object_id": "1",
    "object_repr": "Pedido_order:1",
    "action_flag": 3,
    "change_message": ""
  }
},
{
  "model": "admin.logentry",
  "pk": 17,
  "fields": {
    "action_time": "2024-03-06T19:51:10.711Z",
    "user": [
      "admin"
    ],
    "content_type": [
      "auth",
      "user"
    ],
    "object_id": "4",
    "object_repr": "ANTONIO",
    "action_flag": 3,
    "change_message": ""
  }
},
{
  "model": "admin.logentry",
  "pk": 18,
  "fields": {
    "action_time": "2024-03-06T19:51:10.722Z",
    "user": [
      "admin"
    ],
    "content_type": [
      "auth",
      "user"
    ],
    "object_id": "5",
    "object_repr": "ANTONIO2",
    "action_flag": 3,
    "change_message": ""
  }
},
{
  "model": "admin.logentry",
  "pk": 19,
  "fields": {
    "action_time": "2024-03-06T19:51:10.729Z",
    "user": [
      "admin"
    ],
    "content_type": [
      "auth",
      "user"
    ],
    "object_id": "2",
    "object_repr": "CLIENTE 1",
    "action_flag": 3,
    "change_message": ""
  }
},
{
  "model": "admin.logentry",
  "pk": 20,
  "fields": {
    "action_time": "2024-03-06T19:51:10.740Z",
    "user": [
      "admin"
    ],
    "content_type": [
      "auth",
      "user"
    ],
    "object_id": "3",
    "object_repr": "CLIENTE 2",
    "action_flag": 3,
    "change_message": ""
  }
},
{
  "model": "admin.logentry",
  "pk": 21,
  "fields": {
    "action_time": "2024-03-06T21:00:19.476Z",
    "user": [
      "admin"
    ],
    "content_type": [
      "app",
      "carro"
    ],
    "object_id": "13",
    "object_repr": "Carro:13",
    "action_flag": 3,
    "change_message": ""
  }
},
{
  "model": "admin.logentry",
  "pk": 22,
  "fields": {
    "action_time": "2024-03-06T21:00:19.484Z",
    "user": [
      "admin"
    ],
    "content_type": [
      "app",
      "carro"
    ],
    "object_id": "12",
    "object_repr": "Carro:12",
    "action_flag": 3,
    "change_message": ""
  }
},
{
  "model": "admin.logentry",
  "pk": 23,
  "fields": {
    "action_time": "2024-03-06T21:00:19.493Z",
    "user": [
      "admin"
    ],
    "content_type": [
      "app",
      "carro"
    ],
    "object_id": "11",
    "object_repr": "Carro:11",
    "action_flag": 3,
    "change_message": ""
  }
},
{
  "model": "admin.logentry",
  "pk": 24,
  "fields": {
    "action_time": "2024-03-06T21:00:19.500Z",
    "user": [
      "admin"
    ],
    "content_type": [
      "app",
      "carro"
    ],
    "object_id": "10",
    "object_repr": "Carro:10",
    "action_flag": 3,
    "change_message": ""
  }
},
{
  "model": "admin.logentry",
  "pk": 25,
  "fields": {
    "action_time": "2024-03-06T21:00:19.511Z",
    "user": [
      "admin"
    ],
    "content_type": [
      "app",
      "carro"
    ],
    "object_id": "9",
    "object_repr": "Carro:9",
    "action_flag": 3,
    "change_message": ""
  }
},
{
  "model": "admin.logentry",
  "pk": 26,
  "fields": {
    "action_time": "2024-03-06T21:00:19.519Z",
    "user": [
      "admin"
    ],
    "content_type": [
      "app",
      "carro"
    ],
    "object_id": "8",
    "object_repr": "Carro:8",
    "action_flag": 3,
    "change_message": ""
  }
},
{
  "model": "admin.logentry",
  "pk": 27,
  "fields": {
    "action_time": "2024-03-06T21:00:19.526Z",
    "user": [
      "admin"
    ],
    "content_type": [
      "app",
      "carro"
    ],
    "object_id": "7",
    "object_repr": "Carro:7",
    "action_flag": 3,
    "change_message": ""
  }
},
{
  "model": "admin.logentry",
  "pk": 28,
  "fields": {
    "action_time": "2024-03-06T21:00:19.533Z",
    "user": [
      "admin"
    ],
    "content_type": [
      "app",
      "carro"
    ],
    "object_id": "6",
    "object_repr": "Carro:6",
    "action_flag": 3,
    "change_message": ""
  }
},
{
  "model": "admin.logentry",
  "pk": 29,
  "fields": {
    "action_time": "2024-03-06T21:00:19.542Z",
    "user": [
      "admin"
    ],
    "content_type": [
      "app",
      "carro"
    ],
    "object_id": "5",
    "object_repr": "Carro:5",
    "action_flag": 3,
    "change_message": ""
  }
},
{
  "model": "admin.logentry",
  "pk": 30,
  "fields": {
    "action_time": "2024-03-07T15:01:44.029Z",
    "user": [
      "admin"
    ],
    "content_type": [
      "app",
      "produto"
    ],
    "object_id": "6",
    "object_repr": "paralelepipedo inconstitucional calendário esquizofrenico",
    "action_flag": 1,
    "change_message": "[{\"added\": {}}]"
  }
},
{
  "model": "admin.logentry",
  "pk": 31,
  "fields": {
    "action_time": "2024-03-07T19:53:36.838Z",
    "user": [
      "admin"
    ],
    "content_type": [
      "auth",
      "user"
    ],
    "object_id": "8",
    "object_repr": "admin2",
    "action_flag": 1,
    "change_message": "[{\"added\": {}}]"
  }
},
{
  "model": "admin.logentry",
  "pk": 32,
  "fields": {
    "action_time": "2024-03-07T20:22:09.565Z",
    "user": [
      "admin"
    ],
    "content_type": [
      "auth",
      "user"
    ],
    "object_id": "8",
    "object_repr": "admin2",
    "action_flag": 2,
    "change_message": "[{\"changed\": {\"fields\": [\"password\"]}}]"
  }
},
{
  "model": "admin.logentry",
  "pk": 33,
  "fields": {
    "action_time": "2024-03-07T20:36:44.384Z",
    "user": [
      "admin"
    ],
    "content_type": [
      "app",
      "admin"
    ],
    "object_id": "1",
    "object_repr": "CLIENTE 2",
    "action_flag": 1,
    "change_message": "[{\"added\": {}}]"
  }
},
{
  "model": "admin.logentry",
  "pk": 34,
  "fields": {
    "action_time": "2024-03-07T20:40:00.093Z",
    "user": [
      "admin"
    ],
    "content_type": [
      "app",
      "admin"
    ],
    "object_id": "1",
    "object_repr": "CLIENTE 2",
    "action_flag": 2,
    "change_message": "[]"
  }
},
{
  "model": "admin.logentry",
  "pk": 35,
  "fields": {
    "action_time": "2024-03-07T21:14:59.543Z",
    "user": [
      "admin"
    ],
    "content_type": [
      "auth",
      "user"
    ],
    "object_id": "7",
    "object_repr": "CLIENTE 2",
    "action_flag": 2,
    "change_message": "[{\"changed\": {\"fields\": [\"password\"]}}]"
  }
},
{
  "model": "admin.logentry",
  "pk": 36,
  "fields": {
    "action_time": "2024-03-08T16:09:35.178Z",
    "user": [
      "admin"
    ],
    "content_type": [
      "app",
      "pedido_order"
    ],
    "object_id": "5",
    "object_repr": "Pedido_order:5",
    "action_flag": 2,
    "change_message": "[{\"changed\": {\"fields\": [\"Pedido status\"]}}]"
  }
},
{
  "model": "admin.logentry",
  "pk": 37,
  "fields": {
    "action_time": "2024-03-13T22:42:39.310Z",
    "user": [
      "admin"
    ],
    "content_type": [
      "app",
      "encarte"
    ],
    "object_id": "1",
    "object_repr": "Encarte numero:1",
    "action_flag": 1,
    "change_message": "[{\"added\": {}}]"
  }
},
{
  "model": "admin.logentry",
  "pk": 38,
  "fields": {
    "action_time": "2024-03-15T19:21:33.592Z",
    "user": [
      "admin"
    ],
    "content_type": [
      "app",
      "produto"
    ],
    "object_id": "7",
    "object_repr": "Aspirador de Pó",
    "action_flag": 1,
    "change_message": "[{\"added\": {}}]"
  }
},
{
  "model": "admin.logentry",
  "pk": 39,
  "fields": {
    "action_time": "2024-03-15T19:24:35.795Z",
    "user": [
      "admin"
    ],
    "content_type": [
      "app",
      "produto"
    ],
    "object_id": "8",
    "object_repr": "volkswagen UP! TSI",
    "action_flag": 1,
    "change_message": "[{\"added\": {}}]"
  }
},
{
  "model": "admin.logentry",
  "pk": 40,
  "fields": {
    "action_time": "2024-03-15T19:26:33.830Z",
    "user": [
      "admin"
    ],
    "content_type": [
      "app",
      "produto"
    ],
    "object_id": "9",
    "object_repr": "Marco Aurélio",
    "action_flag": 1,
    "change_message": "[{\"added\": {}}]"
  }
},
{
  "model": "admin.logentry",
  "pk": 41,
  "fields": {
    "action_time": "2024-03-16T02:15:59.130Z",
    "user": [
      "admin"
    ],
    "content_type": [
      "app",
      "produto"
    ],
    "object_id": "9",
    "object_repr": "Marco Aurélio",
    "action_flag": 2,
    "change_message": "[{\"changed\": {\"fields\": [\"Image\"]}}]"
  }
},
{
  "model": "admin.logentry",
  "pk": 42,
  "fields": {
    "action_time": "2024-03-16T02:16:14.759Z",
    "user": [
      "admin"
    ],
    "content_type": [
      "app",
      "produto"
    ],
    "object_id": "8",
    "object_repr": "volkswagen UP! TSI",
    "action_flag": 2,
    "change_message": "[{\"changed\": {\"fields\": [\"Image\"]}}]"
  }
},
{
  "model": "admin.logentry",
  "pk": 43,
  "fields": {
    "action_time": "2024-03-16T02:16:29.860Z",
    "user": [
      "admin"
    ],
    "content_type": [
      "app",
      "produto"
    ],
    "object_id": "7",
    "object_repr": "Aspirador de Pó",
    "action_flag": 2,
    "change_message": "[{\"changed\": {\"fields\": [\"Image\"]}}]"
  }
},
{
  "model": "admin.logentry",
  "pk": 44,
  "fields": {
    "action_time": "2024-03-16T02:19:18.518Z",
    "user": [
      "admin"
    ],
    "content_type": [
      "app",
      "encarte"
    ],
    "object_id": "1",
    "object_repr": "Encarte numero:1",
    "action_flag": 2,
    "change_message": "[{\"changed\": {\"fields\": [\"Pdf1\", \"Pdf2\", \"Pdf3\"]}}]"
  }
},
{
  "model": "admin.logentry",
  "pk": 45,
  "fields": {
    "action_time": "2024-03-24T02:29:13.131Z",
    "user": [
      "admin"
    ],
    "content_type": [
      "app",
      "cliente"
    ],
    "object_id": "6",
    "object_repr": " ",
    "action_flag": 3,
    "change_message": ""
  }
},
{
  "model": "admin.logentry",
  "pk": 46,
  "fields": {
    "action_time": "2024-03-24T02:29:13.144Z",
    "user": [
      "admin"
    ],
    "content_type": [
      "app",
      "cliente"
    ],
    "object_id": "5",
    "object_repr": " ",
    "action_flag": 3,
    "change_message": ""
  }
},
{
  "model": "admin.logentry",
  "pk": 47,
  "fields": {
    "action_time": "2024-03-24T02:48:52.364Z",
    "user": [
      "admin"
    ],
    "content_type": [
      "auth",
      "user"
    ],
    "object_id": "9",
    "object_repr": "joaomarceloguima23@gmail.com",
    "action_flag": 2,
    "change_message": "[{\"changed\": {\"fields\": [\"Username\"]}}]"
  }
},
{
  "model": "admin.logentry",
  "pk": 48,
  "fields": {
    "action_time": "2024-03-24T02:49:09.033Z",
    "user": [
      "admin"
    ],
    "content_type": [
      "auth",
      "user"
    ],
    "object_id": "7",
    "object_repr": "CLIENTE 2",
    "action_flag": 3,
    "change_message": ""
  }
},
{
  "model": "admin.logentry",
  "pk": 49,
  "fields": {
    "action_time": "2024-03-24T02:49:09.055Z",
    "user": [
      "admin"
    ],
    "content_type": [
      "auth",
      "user"
    ],
    "object_id": "6",
    "object_repr": "João Marcelo",
    "action_flag": 3,
    "change_message": ""
  }
},
{
  "model": "admin.logentry",
  "pk": 50,
  "fields": {
    "action_time": "2024-03-24T02:49:09.069Z",
    "user": [
      "admin"
    ],
    "content_type": [
      "auth",
      "user"
    ],
    "object_id": "8",
    "object_repr": "admin2",
    "action_flag": 3,
    "change_message": ""
  }
},
{
  "model": "admin.logentry",
  "pk": 51,
  "fields": {
    "action_time": "2024-03-24T02:57:05.685Z",
    "user": [
      "admin"
    ],
    "content_type": [
      "auth",
      "user"
    ],
    "object_id": "9",
    "object_repr": "joaomarceloguima23@gmail.com",
    "action_flag": 2,
    "change_message": "[{\"changed\": {\"fields\": [\"password\"]}}]"
  }
},
{
  "model": "admin.logentry",
  "pk": 52,
  "fields": {
    "action_time": "2024-03-24T02:58:15.731Z",
    "user": [
      "admin"
    ],
    "content_type": [
      "auth",
      "user"
    ],
    "object_id": "9",
    "object_repr": "joaomarceloguima23@gmail.com",
    "action_flag": 3,
    "change_message": ""
  }
},
{
  "model": "admin.logentry",
  "pk": 53,
  "fields": {
    "action_time": "2024-03-24T03:00:34.975Z",
    "user": [
      "admin"
    ],
    "content_type": [
      "auth",
      "user"
    ],
    "object_id": "10",
    "object_repr": "joaomarceloguima23@gmail.com",
    "action_flag": 3,
    "change_message": ""
  }
},
{
  "model": "admin.logentry",
  "pk": 54,
  "fields": {
    "action_time": "2024-03-24T03:02:14.340Z",
    "user": [
      "admin"
    ],
    "content_type": [
      "auth",
      "user"
    ],
    "object_id": "11",
    "object_repr": "joaomarceloguima23@gmail.com",
    "action_flag": 3,
    "change_message": ""
  }
},
{
  "model": "admin.logentry",
  "pk": 55,
  "fields": {
    "action_time": "2024-03-24T03:15:06.015Z",
    "user": [
      "admin"
    ],
    "content_type": [
      "auth",
      "user"
    ],
    "object_id": "12",
    "object_repr": "joaomarceloguima23@gmail.com",
    "action_flag": 3,
    "change_message": ""
  }
},
{
  "model": "admin.logentry",
  "pk": 56,
  "fields": {
    "action_time": "2024-03-24T03:31:09.497Z",
    "user": [
      "admin"
    ],
    "content_type": [
      "auth",
      "user"
    ],
    "object_id": "13",
    "object_repr": "joaomarceloguima23@gmail.com",
    "action_flag": 3,
    "change_message": ""
  }
},
{
  "model": "admin.logentry",
  "pk": 57,
  "fields": {
    "action_time": "2024-03-24T03:33:52.030Z",
    "user": [
      "admin"
    ],
    "content_type": [
      "auth",
      "user"
    ],
    "object_id": "1",
    "object_repr": "admin",
    "action_flag": 2,
    "change_message": "[{\"changed\": {\"fields\": [\"Email address\"]}}]"
  }
},
{
  "model": "admin.logentry",
  "pk": 58,
  "fields": {
    "action_time": "2024-03-24T03:34:02.649Z",
    "user": [
      "admin"
    ],
    "content_type": [
      "auth",
      "user"
    ],
    "object_id": "14",
    "object_repr": "joaomarceloguima23@gmail.com",
    "action_flag": 3,
    "change_message": ""
  }
},
{
  "model": "admin.logentry",
  "pk": 59,
  "fields": {
    "action_time": "2024-03-24T03:46:46.355Z",
    "user": [
      "admin"
    ],
    "content_type": [
      "auth",
      "user"
    ],
    "object_id": "15",
    "object_repr": "joaomarceloguima23@gmail.com",
    "action_flag": 2,
    "change_message": "[{\"changed\": {\"fields\": [\"password\"]}}]"
  }
},
{
  "model": "admin.logentry",
  "pk": 60,
  "fields": {
    "action_time": "2024-03-24T04:00:22.961Z",
    "user": [
      "admin"
    ],
    "content_type": [
      "auth",
      "user"
    ],
    "object_id": "15",
    "object_repr": "joaomarceloguima23@gmail.com",
    "action_flag": 3,
    "change_message": ""
  }
},
{
  "model": "admin.logentry",
  "pk": 61,
  "fields": {
    "action_time": "2024-03-24T04:03:28.248Z",
    "user": [
      "admin"
    ],
    "content_type": [
      "app",
      "cliente"
    ],
    "object_id": "9",
    "object_repr": "alalals adasd",
    "action_flag": 1,
    "change_message": "[{\"added\": {}}]"
  }
},
{
  "model": "admin.logentry",
  "pk": 62,
  "fields": {
    "action_time": "2024-03-24T04:19:52.208Z",
    "user": [
      "admin"
    ],
    "content_type": [
      "auth",
      "user"
    ],
    "object_id": "16",
    "object_repr": "joaomarceloguima23@gmail.com",
    "action_flag": 3,
    "change_message": ""
  }
},
{
  "model": "admin.logentry",
  "pk": 63,
  "fields": {
    "action_time": "2024-03-24T04:21:20.847Z",
    "user": [
      "admin"
    ],
    "content_type": [
      "auth",
      "user"
    ],
    "object_id": "17",
    "object_repr": "joaomarceloguima23@gmail.com",
    "action_flag": 3,
    "change_message": ""
  }
},
{
  "model": "admin.logentry",
  "pk": 64,
  "fields": {
    "action_time": "2024-03-24T04:27:52.982Z",
    "user": [
      "admin"
    ],
    "content_type": [
      "auth",
      "user"
    ],
    "object_id": "18",
    "object_repr": "joaomarceloguima2323@gmail.com",
    "action_flag": 3,
    "change_message": ""
  }
},
{
  "model": "admin.logentry",
  "pk": 65,
  "fields": {
    "action_time": "2024-03-24T04:34:30.584Z",
    "user": [
      "admin"
    ],
    "content_type": [
      "auth",
      "user"
    ],
    "object_id": "19",
    "object_repr": "joaomarceloguima2323@gmail.com",
    "action_flag": 3,
    "change_message": ""
  }
},
{
  "model": "admin.logentry",
  "pk": 66,
  "fields": {
    "action_time": "2024-03-24T04:38:41.039Z",
    "user": [
      "admin"
    ],
    "content_type": [
      "auth",
      "user"
    ],
    "object_id": "20",
    "object_repr": "joaomarceloguima2323@gmail.com",
    "action_flag": 3,
    "change_message": ""
  }
},
{
  "model": "admin.logentry",
  "pk": 67,
  "fields": {
    "action_time": "2024-03-24T05:01:12.281Z",
    "user": [
      "admin"
    ],
    "content_type": [
      "auth",
      "user"
    ],
    "object_id": "21",
    "object_repr": "joaomarceloguima2323@gmail.com",
    "action_flag": 3,
    "change_message": ""
  }
},
{
  "model": "admin.logentry",
  "pk": 68,
  "fields": {
    "action_time": "2024-03-24T05:04:38.712Z",
    "user": [
      "admin"
    ],
    "content_type": [
      "auth",
      "user"
    ],
    "object_id": "22",
    "object_repr": "joaomarceloguima2323@gmail.com",
    "action_flag": 3,
    "change_message": ""
  }
},
{
  "model": "admin.logentry",
  "pk": 69,
  "fields": {
    "action_time": "2024-03-24T05:06:35.259Z",
    "user": [
      "admin"
    ],
    "content_type": [
      "auth",
      "user"
    ],
    "object_id": "23",
    "object_repr": "joaomarceloguima23@gmail.com",
    "action_flag": 3,
    "change_message": ""
  }
},
{
  "model": "admin.logentry",
  "pk": 70,
  "fields": {
    "action_time": "2024-03-24T05:35:50.093Z",
    "user": [
      "admin"
    ],
    "content_type": [
      "app",
      "endereco"
    ],
    "object_id": "1",
    "object_repr": "casa",
    "action_flag": 1,
    "change_message": "[{\"added\": {}}]"
  }
},
{
  "model": "admin.logentry",
  "pk": 71,
  "fields": {
    "action_time": "2024-03-24T20:44:25.405Z",
    "user": [
      "admin"
    ],
    "content_type": [
      "app",
      "endereco"
    ],
    "object_id": "6",
    "object_repr": "CARALHO",
    "action_flag": 3,
    "change_message": ""
  }
},
{
  "model": "admin.logentry",
  "pk": 72,
  "fields": {
    "action_time": "2024-03-24T20:44:25.428Z",
    "user": [
      "admin"
    ],
    "content_type": [
      "app",
      "endereco"
    ],
    "object_id": "5",
    "object_repr": "CARALHO",
    "action_flag": 3,
    "change_message": ""
  }
},
{
  "model": "admin.logentry",
  "pk": 73,
  "fields": {
    "action_time": "2024-03-24T20:44:25.444Z",
    "user": [
      "admin"
    ],
    "content_type": [
      "app",
      "endereco"
    ],
    "object_id": "4",
    "object_repr": "CARALHO",
    "action_flag": 3,
    "change_message": ""
  }
},
{
  "model": "admin.logentry",
  "pk": 74,
  "fields": {
    "action_time": "2024-03-24T20:44:25.453Z",
    "user": [
      "admin"
    ],
    "content_type": [
      "app",
      "endereco"
    ],
    "object_id": "3",
    "object_repr": "joao",
    "action_flag": 3,
    "change_message": ""
  }
},
{
  "model": "admin.logentry",
  "pk": 75,
  "fields": {
    "action_time": "2024-03-24T20:44:25.469Z",
    "user": [
      "admin"
    ],
    "content_type": [
      "app",
      "endereco"
    ],
    "object_id": "2",
    "object_repr": "joao",
    "action_flag": 3,
    "change_message": ""
  }
},
{
  "model": "admin.logentry",
  "pk": 76,
  "fields": {
    "action_time": "2024-03-25T23:22:47.615Z",
    "user": [
      "admin"
    ],
    "content_type": [
      "app",
      "endereco"
    ],
    "object_id": "1",
    "object_repr": "casa",
    "action_flag": 3,
    "change_message": ""
  }
},
{
  "model": "admin.logentry",
  "pk": 77,
  "fields": {
    "action_time": "2024-12-20T22:57:40.992Z",
    "user": [
      "Alva"
    ],
    "content_type": [
      "app",
      "cliente"
    ],
    "object_id": "17",
    "object_repr": "Alva Test",
    "action_flag": 1,
    "change_message": "[{\"added\": {}}]"
  }
},
{
  "model": "admin.logentry",
  "pk": 78,
  "fields": {
    "action_time": "2024-12-20T22:57:59.043Z",
    "user": [
      "Alva"
    ],
    "content_type": [
      "auth",
      "user"
    ],
    "object_id": "25",
    "object_repr": "Alva",
    "action_flag": 2,
    "change_message": "[{\"changed\": {\"fields\": [\"User permissions\"]}}]"
  }
},
{
  "model": "admin.logentry",
  "pk": 79,
  "fields": {
    "action_time": "2024-12-20T22:58:25.548Z",
    "user": [
      "Alva"
    ],
    "content_type": [
      "auth",
      "user"
    ],
    "object_id": "25",
    "object_repr": "Alva",
    "action_flag": 2,
    "change_message": "[{\"changed\": {\"fields\": [\"User permissions\"]}}]"
  }
},
{
  "model": "admin.logentry",
  "pk": 80,
  "fields": {
    "action_time": "2024-12-24T03:55:35.442Z",
    "user": [
      "Alva"
    ],
    "content_type": [
      "app",
      "banner"
    ],
    "object_id": "1",
    "object_repr": "Excellence Pythonanywhere",
    "action_flag": 1,
    "change_message": "[{\"added\": {}}]"
  }
},
{
  "model": "admin.logentry",
  "pk": 81,
  "fields": {
    "action_time": "2024-12-24T03:56:11.827Z",
    "user": [
      "Alva"
    ],
    "content_type": [
      "app",
      "banner"
    ],
    "object_id": "2",
    "object_repr": "Ska",
    "action_flag": 1,
    "change_message": "[{\"added\": {}}]"
  }
},
{
  "model": "admin.logentry",
  "pk": 82,
  "fields": {
    "action_time": "2024-12-24T03:57:18.472Z",
    "user": [
      "Alva"
    ],
    "content_type": [
      "app",
      "banner"
    ],
    "object_id": "3",
    "object_repr": "Mage-Guapimirim",
    "action_flag": 1,
    "change_message": "[{\"added\": {}}]"
  }
},
{
  "model": "admin.logentry",
  "pk": 83,
  "fields": {
    "action_time": "2024-12-24T05:01:23.503Z",
    "user": [
      "Alva"
    ],
    "content_type": [
      "app",
      "cliente"
    ],
    "object_id": "17",
    "object_repr": "Alva Test",
    "action_flag": 2,
    "change_message": "[{\"changed\": {\"fields\": [\"Cpf ou cnpj\", \"Cpf ou cnpj formatado\", \"Bool cpf cnpj\"]}}]"
  }
},
{
  "model": "admin.logentry",
  "pk": 84,
  "fields": {
    "action_time": "2024-12-24T05:01:45.681Z",
    "user": [
      "Alva"
    ],
    "content_type": [
      "app",
      "cliente"
    ],
    "object_id": "17",
    "object_repr": "Alva Test",
    "action_flag": 2,
    "change_message": "[{\"changed\": {\"fields\": [\"Telefone\"]}}]"
  }
},
{
  "model": "admin.logentry",
  "pk": 85,
  "fields": {
    "action_time": "2024-12-24T05:02:00.331Z",
    "user": [
      "Alva"
    ],
    "content_type": [
      "app",
      "cliente"
    ],
    "object_id": "17",
    "object_repr": "Alva Test",
    "action_flag": 2,
    "change_message": "[{\"changed\": {\"fields\": [\"Telefone\"]}}]"
  }
},
{
  "model": "admin.logentry",
  "pk": 86,
  "fields": {
    "action_time": "2024-12-24T18:29:57.292Z",
    "user": [
      "Alva"
    ],
    "content_type": [
      "app",
      "cliente"
    ],
    "object_id": "18",
    "object_repr": "Test Test",
    "action_flag": 3,
    "change_message": ""
  }
},
{
  "model": "admin.logentry",
  "pk": 87,
  "fields": {
    "action_time": "2024-12-31T05:48:35.652Z",
    "user": [
      "Alva"
    ],
    "content_type": [
      "app",
      "endereco"
    ],
    "object_id": "16",
    "object_repr": "Endereco object (16)",
    "action_flag": 3,
    "change_message": ""
  }
},
{
  "model": "admin.logentry",
  "pk": 88,
  "fields": {
    "action_time": "2024-12-31T18:24:36.169Z",
    "user": [
      "Alva"
    ],
    "content_type": [
      "app",
      "cliente"
    ],
    "object_id": "19",
    "object_repr": "Casa HG",
    "action_flag": 1,
    "change_message": "[{\"added\": {}}]"
  }
},
{
  "model": "admin.logentry",
  "pk": 89,
  "fields": {
    "action_time": "2024-12-31T18:26:34.199Z",
    "user": [
      "Alva"
    ],
    "content_type": [
      "app",
      "endereco"
    ],
    "object_id": "20",
    "object_repr": "Casa HG - Várzea | Casa HG",
    "action_flag": 1,
    "change_message": "[{\"added\": {}}]"
  }
},
{
  "model": "admin.logentry",
  "pk": 90,
  "fields": {
    "action_time": "2024-12-31T18:28:39.275Z",
    "user": [
      "Alva"
    ],
    "content_type": [
      "app",
      "endereco"
    ],
    "object_id": "21",
    "object_repr": "Casa HG - Atacadão Dos Pisos | Casa HG",
    "action_flag": 1,
    "change_message": "[{\"added\": {}}]"
  }
},
{
  "model": "admin.logentry",
  "pk": 91,
  "fields": {
    "action_time": "2024-12-31T18:29:56.168Z",
    "user": [
      "Alva"
    ],
    "content_type": [
      "app",
      "endereco"
    ],
    "object_id": "22",
    "object_repr": "Casa HG – Magé/Guapimirim | Casa HG",
    "action_flag": 1,
    "change_message": "[{\"added\": {}}]"
  }
},
{
  "model": "admin.logentry",
  "pk": 92,
  "fields": {
    "action_time": "2024-12-31T18:44:15.807Z",
    "user": [
      "Alva"
    ],
    "content_type": [
      "app",
      "endereco"
    ],
    "object_id": "21",
    "object_repr": "Casa HG - Atacadão Dos Pisos | Casa HG",
    "action_flag": 2,
    "change_message": "[{\"changed\": {\"fields\": [\"Cep\"]}}]"
  }
},
{
  "model": "admin.logentry",
  "pk": 93,
  "fields": {
    "action_time": "2024-12-31T18:44:19.399Z",
    "user": [
      "Alva"
    ],
    "content_type": [
      "app",
      "endereco"
    ],
    "object_id": "22",
    "object_repr": "Casa HG – Magé/Guapimirim | Casa HG",
    "action_flag": 2,
    "change_message": "[{\"changed\": {\"fields\": [\"Cep\"]}}]"
  }
},
{
  "model": "admin.logentry",
  "pk": 94,
  "fields": {
    "action_time": "2024-12-31T18:44:29.789Z",
    "user": [
      "Alva"
    ],
    "content_type": [
      "app",
      "endereco"
    ],
    "object_id": "20",
    "object_repr": "Casa HG - Várzea | Casa HG",
    "action_flag": 2,
    "change_message": "[{\"changed\": {\"fields\": [\"Cep\"]}}]"
  }
},
{
  "model": "admin.logentry",
  "pk": 95,
  "fields": {
    "action_time": "2024-12-31T18:45:47.469Z",
    "user": [
      "Alva"
    ],
    "content_type": [
      "app",
      "endereco"
    ],
    "object_id": "15",
    "object_repr": "Test | Alva Test",
    "action_flag": 2,
    "change_message": "[]"
  }
},
{
  "model": "admin.logentry",
  "pk": 96,
  "fields": {
    "action_time": "2024-12-31T23:27:31.959Z",
    "user": [
      "Alva"
    ],
    "content_type": [
      "app",
      "empresa"
    ],
    "object_id": "1",
    "object_repr": "Casa HG",
    "action_flag": 1,
    "change_message": "[{\"added\": {}}]"
  }
},
{
  "model": "admin.logentry",
  "pk": 97,
  "fields": {
    "action_time": "2025-01-02T18:31:49.749Z",
    "user": [
      "Alva"
    ],
    "content_type": [
      "app",
      "endereco"
    ],
    "object_id": "19",
    "object_repr": "Test 3 | Alva Test",
    "action_flag": 2,
    "change_message": "[{\"changed\": {\"fields\": [\"Complemento\"]}}]"
  }
},
{
  "model": "admin.logentry",
  "pk": 98,
  "fields": {
    "action_time": "2025-01-02T18:31:58.327Z",
    "user": [
      "Alva"
    ],
    "content_type": [
      "app",
      "endereco"
    ],
    "object_id": "17",
    "object_repr": "Test2 | Alva Test",
    "action_flag": 2,
    "change_message": "[{\"changed\": {\"fields\": [\"Complemento\"]}}]"
  }
},
{
  "model": "admin.logentry",
  "pk": 99,
  "fields": {
    "action_time": "2025-01-03T02:02:38.767Z",
    "user": [
      "Alva"
    ],
    "content_type": [
      "app",
      "endereco"
    ],
    "object_id": "19",
    "object_repr": "Test 2 | Alva Test",
    "action_flag": 2,
    "change_message": "[{\"changed\": {\"fields\": [\"Titulo\"]}}]"
  }
},
{
  "model": "admin.logentry",
  "pk": 100,
  "fields": {
    "action_time": "2025-01-03T03:25:24.678Z",
    "user": [
      "Alva"
    ],
    "content_type": [
      "app",
      "pedido_order"
    ],
    "object_id": "4",
    "object_repr": "Pedido_order: 4 | Status: Pedido em Andamento | Cliente: Alva Test",
    "action_flag": 3,
    "change_message": ""
  }
},
{
  "model": "admin.logentry",
  "pk": 101,
  "fields": {
    "action_time": "2025-01-03T03:29:06.720Z",
    "user": [
      "Alva"
    ],
    "content_type": [
      "app",
      "pedido_order"
    ],
    "object_id": "5",
    "object_repr": "Pedido_order: 5 | Status: Pedido Processando | Cliente: João Guimarães",
    "action_flag": 1,
    "change_message": "[{\"added\": {}}]"
  }
},
{
  "model": "admin.logentry",
  "pk": 102,
  "fields": {
    "action_time": "2025-01-03T04:00:29.355Z",
    "user": [
      "Alva"
    ],
    "content_type": [
      "app",
      "pedido_order"
    ],
    "object_id": "8",
    "object_repr": "Pedido_order: 8 | Status: Pedido em Andamento | Cliente: Alva Test",
    "action_flag": 3,
    "change_message": ""
  }
},
{
  "model": "admin.logentry",
  "pk": 103,
  "fields": {
    "action_time": "2025-01-03T04:01:40.376Z",
    "user": [
      "Alva"
    ],
    "content_type": [
      "app",
      "pedido_order"
    ],
    "object_id": "11",
    "object_repr": "Pedido_order: 11 | Status: Pedido em Andamento | Cliente: Alva Test",
    "action_flag": 3,
    "change_message": ""
  }
},
{
  "model": "admin.logentry",
  "pk": 104,
  "fields": {
    "action_time": "2025-01-03T04:02:25.253Z",
    "user": [
      "Alva"
    ],
    "content_type": [
      "app",
      "pedido_order"
    ],
    "object_id": "12",
    "object_repr": "Pedido_order: 12 | Status: Pedido em Andamento | Cliente: Alva Test",
    "action_flag": 3,
    "change_message": ""
  }
},
{
  "model": "admin.logentry",
  "pk": 105,
  "fields": {
    "action_time": "2025-01-03T04:06:17.117Z",
    "user": [
      "Alva"
    ],
    "content_type": [
      "app",
      "pedido_order"
    ],
    "object_id": "13",
    "object_repr": "Pedido_order: 13 | Status: Pedido em Andamento | Cliente: Alva Test",
    "action_flag": 3,
    "change_message": ""
  }
},
{
  "model": "admin.logentry",
  "pk": 106,
  "fields": {
    "action_time": "2025-01-03T04:08:09.816Z",
    "user": [
      "Alva"
    ],
    "content_type": [
      "app",
      "carro"
    ],
    "object_id": "25",
    "object_repr": "Carro: 25",
    "action_flag": 3,
    "change_message": ""
  }
},
{
  "model": "admin.logentry",
  "pk": 107,
  "fields": {
    "action_time": "2025-01-03T04:09:53.732Z",
    "user": [
      "Alva"
    ],
    "content_type": [
      "app",
      "carro"
    ],
    "object_id": "26",
    "object_repr": "Carro: 26",
    "action_flag": 1,
    "change_message": "[{\"added\": {}}]"
  }
},
{
  "model": "admin.logentry",
  "pk": 108,
  "fields": {
    "action_time": "2025-01-03T04:25:21.035Z",
    "user": [
      "Alva"
    ],
    "content_type": [
      "app",
      "pedido_order"
    ],
    "object_id": "17",
    "object_repr": "Pedido_order: 17 | Status: Pedido em Andamento | Cliente: Alva Test",
    "action_flag": 3,
    "change_message": ""
  }
},
{
  "model": "admin.logentry",
  "pk": 109,
  "fields": {
    "action_time": "2025-01-05T04:28:28.092Z",
    "user": [
      "Alva"
    ],
    "content_type": [
      "app",
      "endereco"
    ],
    "object_id": "57",
    "object_repr": "Casa HG - Várzea | Casa HG",
    "action_flag": 1,
    "change_message": "[{\"added\": {}}]"
  }
},
{
  "model": "admin.logentry",
  "pk": 110,
  "fields": {
    "action_time": "2025-01-05T04:42:31.587Z",
    "user": [
      "Alva"
    ],
    "content_type": [
      "app",
      "pedido_order"
    ],
    "object_id": "39",
    "object_repr": "Pedido_order: 39 | Status: Pedido em Andamento | Cliente: Alva Test",
    "action_flag": 3,
    "change_message": ""
  }
},
{
  "model": "admin.logentry",
  "pk": 111,
  "fields": {
    "action_time": "2025-01-06T17:46:58.005Z",
    "user": [
      "Alva"
    ],
    "content_type": [
      "auth",
      "user"
    ],
    "object_id": "26",
    "object_repr": "test@test.com",
    "action_flag": 3,
    "change_message": ""
  }
},
{
  "model": "admin.logentry",
  "pk": 112,
  "fields": {
    "action_time": "2025-01-07T04:06:13.267Z",
    "user": [
      "Alva"
    ],
    "content_type": [
      "app",
      "pedido_order"
    ],
    "object_id": "42",
    "object_repr": "Pedido_order: 42 | Status: Pedido Recebido | Cliente: Alva Test",
    "action_flag": 2,
    "change_message": "[{\"changed\": {\"fields\": [\"Email\"]}}]"
  }
},
{
  "model": "admin.logentry",
  "pk": 113,
  "fields": {
    "action_time": "2025-01-07T04:06:22.123Z",
    "user": [
      "Alva"
    ],
    "content_type": [
      "app",
      "pedido_order"
    ],
    "object_id": "40",
    "object_repr": "Pedido_order: 40 | Status: Pedido Recebido | Cliente: Alva Test",
    "action_flag": 2,
    "change_message": "[{\"changed\": {\"fields\": [\"Email\"]}}]"
  }
},
{
  "model": "admin.logentry",
  "pk": 114,
  "fields": {
    "action_time": "2025-01-07T04:06:36.004Z",
    "user": [
      "Alva"
    ],
    "content_type": [
      "app",
      "pedido_order"
    ],
    "object_id": "41",
    "object_repr": "Pedido_order: 41 | Status: Pedido em Andamento | Cliente: Test Test",
    "action_flag": 2,
    "change_message": "[{\"changed\": {\"fields\": [\"Email\"]}}]"
  }
},
{
  "model": "admin.logentry",
  "pk": 115,
  "fields": {
    "action_time": "2025-01-07T21:48:09.685Z",
    "user": [
      "Alva"
    ],
    "content_type": [
      "app",
      "pedido_order"
    ],
    "object_id": "42",
    "object_repr": "Pedido_order: 42 | Status: Pedido Recebido | Cliente: Alva Test",
    "action_flag": 2,
    "change_message": "[{\"changed\": {\"fields\": [\"Telefone\"]}}]"
  }
},
{
  "model": "admin.logentry",
  "pk": 116,
  "fields": {
    "action_time": "2025-01-07T21:49:09.426Z",
    "user": [
      "Alva"
    ],
    "content_type": [
      "app",
      "pedido_order"
    ],
    "object_id": "42",
    "object_repr": "Pedido_order: 42 | Status: Pedido Recebido | Cliente: João Guilherme Muniz Alvarez",
    "action_flag": 2,
    "change_message": "[{\"changed\": {\"fields\": [\"Nome cliente\", \"Cpf cnpj\"]}}]"
  }
},
{
  "model": "admin.logentry",
  "pk": 117,
  "fields": {
    "action_time": "2025-01-07T22:08:36.479Z",
    "user": [
      "Alva"
    ],
    "content_type": [
      "app",
      "pedido_order"
    ],
    "object_id": "42",
    "object_repr": "Pedido_order: 42 | Status: Pedido Recebido | Cliente: Alva Test",
    "action_flag": 2,
    "change_message": "[{\"changed\": {\"fields\": [\"Nome cliente\"]}}]"
  }
},
{
  "model": "admin.logentry",
  "pk": 118,
  "fields": {
    "action_time": "2025-01-07T22:10:13.492Z",
    "user": [
      "Alva"
    ],
    "content_type": [
      "app",
      "pedido_order"
    ],
    "object_id": "42",
    "object_repr": "Pedido_order: 42 | Status: Pedido Recebido | Cliente: Alva Test",
    "action_flag": 2,
    "change_message": "[{\"changed\": {\"fields\": [\"Cpf cnpj\"]}}]"
  }
},
{
  "model": "admin.logentry",
  "pk": 119,
  "fields": {
    "action_time": "2025-01-07T22:10:27.812Z",
    "user": [
      "Alva"
    ],
    "content_type": [
      "app",
      "cliente"
    ],
    "object_id": "17",
    "object_repr": "Alva Test",
    "action_flag": 2,
    "change_message": "[{\"changed\": {\"fields\": [\"Cpf ou cnpj\", \"Cpf ou cnpj formatado\"]}}]"
  }
},
{
  "model": "admin.logentry",
  "pk": 120,
  "fields": {
    "action_time": "2025-01-07T22:11:12.072Z",
    "user": [
      "Alva"
    ],
    "content_type": [
      "app",
      "cliente"
    ],
    "object_id": "20",
    "object_repr": "Test Test",
    "action_flag": 2,
    "change_message": "[{\"changed\": {\"fields\": [\"Cpf ou cnpj\", \"Cpf ou cnpj formatado\", \"Telefone\"]}}]"
  }
},
{
  "model": "admin.logentry",
  "pk": 121,
  "fields": {
    "action_time": "2025-01-07T22:11:45.718Z",
    "user": [
      "Alva"
    ],
    "content_type": [
      "app",
      "cliente"
    ],
    "object_id": "16",
    "object_repr": "João Guimarães",
    "action_flag": 2,
    "change_message": "[{\"changed\": {\"fields\": [\"Cpf ou cnpj\", \"Cpf ou cnpj formatado\", \"Bool cpf cnpj\"]}}]"
  }
},
{
  "model": "admin.logentry",
  "pk": 122,
  "fields": {
    "action_time": "2025-01-07T22:11:58.194Z",
    "user": [
      "Alva"
    ],
    "content_type": [
      "app",
      "cliente"
    ],
    "object_id": "16",
    "object_repr": "João Guimarães",
    "action_flag": 2,
    "change_message": "[{\"changed\": {\"fields\": [\"Telefone\"]}}]"
  }
},
{
  "model": "admin.logentry",
  "pk": 123,
  "fields": {
    "action_time": "2025-01-08T03:34:31.104Z",
    "user": [
      "Alva"
    ],
    "content_type": [
      "app",
      "endereco"
    ],
    "object_id": "15",
    "object_repr": "Test | Alva Test",
    "action_flag": 2,
    "change_message": "[{\"changed\": {\"fields\": [\"Cep\", \"Estado\", \"Cidade\"]}}]"
  }
},
{
  "model": "admin.logentry",
  "pk": 124,
  "fields": {
    "action_time": "2025-01-08T22:26:53.537Z",
    "user": [
      "Alva"
    ],
    "content_type": [
      "app",
      "pedido_order"
    ],
    "object_id": "43",
    "object_repr": "Pedido_order: 43 | Status: Pedido em Andamento | Cliente: Alva Test",
    "action_flag": 3,
    "change_message": ""
  }
},
{
  "model": "admin.logentry",
  "pk": 125,
  "fields": {
    "action_time": "2025-01-09T19:58:13.327Z",
    "user": [
      "Alva"
    ],
    "content_type": [
      "app",
      "pedido_order"
    ],
    "object_id": "44",
    "object_repr": "Pedido_order: 44 | Status: Pagamento Processando | Cliente: Alva Test",
    "action_flag": 2,
    "change_message": "[{\"changed\": {\"fields\": [\"Telefone\"]}}]"
  }
},
{
  "model": "admin.logentry",
  "pk": 126,
  "fields": {
    "action_time": "2025-01-09T19:58:32.604Z",
    "user": [
      "Alva"
    ],
    "content_type": [
      "app",
      "cliente"
    ],
    "object_id": "17",
    "object_repr": "Alva Test",
    "action_flag": 2,
    "change_message": "[{\"changed\": {\"fields\": [\"Telefone\"]}}]"
  }
},
{
  "model": "admin.logentry",
  "pk": 127,
  "fields": {
    "action_time": "2025-01-09T19:58:41.007Z",
    "user": [
      "Alva"
    ],
    "content_type": [
      "app",
      "cliente"
    ],
    "object_id": "17",
    "object_repr": "Alva Test",
    "action_flag": 2,
    "change_message": "[{\"changed\": {\"fields\": [\"Telefone\"]}}]"
  }
},
{
  "model": "admin.logentry",
  "pk": 128,
  "fields": {
    "action_time": "2025-01-09T20:14:25.570Z",
    "user": [
      "Alva"
    ],
    "content_type": [
      "app",
      "cliente"
    ],
    "object_id": "19",
    "object_repr": "Casa HG",
    "action_flag": 2,
    "change_message": "[{\"changed\": {\"fields\": [\"Cpf ou cnpj\", \"Cpf ou cnpj formatado\", \"Bool cpf cnpj\", \"Telefone\"]}}]"
  }
},
{
  "model": "admin.logentry",
  "pk": 129,
  "fields": {
    "action_time": "2025-01-09T20:14:37.132Z",
    "user": [
      "Alva"
    ],
    "content_type": [
      "app",
      "cliente"
    ],
    "object_id": "20",
    "object_repr": "Test Test",
    "action_flag": 2,
    "change_message": "[{\"changed\": {\"fields\": [\"Telefone\"]}}]"
  }
},
{
  "model": "admin.logentry",
  "pk": 130,
  "fields": {
    "action_time": "2025-01-09T20:14:48.762Z",
    "user": [
      "Alva"
    ],
    "content_type": [
      "app",
      "cliente"
    ],
    "object_id": "16",
    "object_repr": "João Guimarães",
    "action_flag": 2,
    "change_message": "[{\"changed\": {\"fields\": [\"Telefone\"]}}]"
  }
},
{
  "model": "admin.logentry",
  "pk": 131,
  "fields": {
    "action_time": "2025-01-09T20:15:29.942Z",
    "user": [
      "Alva"
    ],
    "content_type": [
      "app",
      "pedido_order"
    ],
    "object_id": "44",
    "object_repr": "Pedido_order: 44 | Status: Pagamento Processando | Cliente: Alva Test",
    "action_flag": 2,
    "change_message": "[{\"changed\": {\"fields\": [\"Telefone\"]}}]"
  }
},
{
  "model": "admin.logentry",
  "pk": 132,
  "fields": {
    "action_time": "2025-01-09T22:01:53.877Z",
    "user": [
      "Alva"
    ],
    "content_type": [
      "app",
      "pedido_order"
    ],
    "object_id": "42",
    "object_repr": "Pedido_order: 42 | Status: Pagamento Confirmado | Cliente: Alva Test",
    "action_flag": 2,
    "change_message": "[{\"changed\": {\"fields\": [\"Pedido status\"]}}]"
  }
},
{
  "model": "admin.logentry",
  "pk": 133,
  "fields": {
    "action_time": "2025-01-09T22:26:42.307Z",
    "user": [
      "Alva"
    ],
    "content_type": [
      "app",
      "pedido_order"
    ],
    "object_id": "44",
    "object_repr": "Pedido_order: 44 | Status: Pagamento Processando | Cliente: Alva Test",
    "action_flag": 2,
    "change_message": "[{\"changed\": {\"fields\": [\"Frete\"]}}]"
  }
},
{
  "model": "admin.logentry",
  "pk": 134,
  "fields": {
    "action_time": "2025-01-11T23:26:57.303Z",
    "user": [
      "Alva"
    ],
    "content_type": [
      "app",
      "endereco"
    ],
    "object_id": "1",
    "object_repr": "casa | João Guimarães",
    "action_flag": 2,
    "change_message": "[]"
  }
},
{
  "model": "admin.logentry",
  "pk": 135,
  "fields": {
    "action_time": "2025-01-11T23:27:00.938Z",
    "user": [
      "Alva"
    ],
    "content_type": [
      "app",
      "endereco"
    ],
    "object_id": "2",
    "object_repr": "casa do caralho | João Guimarães",
    "action_flag": 2,
    "change_message": "[]"
  }
},
{
  "model": "admin.logentry",
  "pk": 136,
  "fields": {
    "action_time": "2025-01-11T23:27:05.581Z",
    "user": [
      "Alva"
    ],
    "content_type": [
      "app",
      "endereco"
    ],
    "object_id": "7",
    "object_repr": "Country core funeral | João Guimarães",
    "action_flag": 2,
    "change_message": "[]"
  }
},
{
  "model": "admin.logentry",
  "pk": 137,
  "fields": {
    "action_time": "2025-01-12T01:58:07.145Z",
    "user": [
      "Alva"
    ],
    "content_type": [
      "app",
      "endereco"
    ],
    "object_id": "7",
    "object_repr": "Country core funeral | João Guimarães",
    "action_flag": 2,
    "change_message": "[{\"changed\": {\"fields\": [\"Estado\", \"Cidade\"]}}]"
  }
},
{
  "model": "admin.logentry",
  "pk": 138,
  "fields": {
    "action_time": "2025-01-12T01:58:19.975Z",
    "user": [
      "Alva"
    ],
    "content_type": [
      "app",
      "endereco"
    ],
    "object_id": "2",
    "object_repr": "casa do caralho | João Guimarães",
    "action_flag": 2,
    "change_message": "[{\"changed\": {\"fields\": [\"Estado\", \"Cidade\"]}}]"
  }
},
{
  "model": "admin.logentry",
  "pk": 139,
  "fields": {
    "action_time": "2025-01-13T18:35:21.618Z",
    "user": [
      "Alva"
    ],
    "content_type": [
      "app",
      "admin"
    ],
    "object_id": "1",
    "object_repr": "Alva",
    "action_flag": 1,
    "change_message": "[{\"added\": {}}]"
  }
},
{
  "model": "admin.logentry",
  "pk": 140,
  "fields": {
    "action_time": "2025-01-13T18:35:46.778Z",
    "user": [
      "Alva"
    ],
    "content_type": [
      "app",
      "admin"
    ],
    "object_id": "2",
    "object_repr": "admin",
    "action_flag": 1,
    "change_message": "[{\"added\": {}}]"
  }
},
{
  "model": "admin.logentry",
  "pk": 141,
  "fields": {
    "action_time": "2025-01-13T20:00:20.381Z",
    "user": [
      "Alva"
    ],
    "content_type": [
      "app",
      "produto"
    ],
    "object_id": "1",
    "object_repr": "Relógio",
    "action_flag": 2,
    "change_message": "[{\"changed\": {\"fields\": [\"Visualizacao\", \"Quantidade vendas\"]}}]"
  }
},
{
  "model": "admin.logentry",
  "pk": 142,
  "fields": {
    "action_time": "2025-01-13T20:00:28.595Z",
    "user": [
      "Alva"
    ],
    "content_type": [
      "app",
      "produto"
    ],
    "object_id": "2",
    "object_repr": "Computador dell",
    "action_flag": 2,
    "change_message": "[{\"changed\": {\"fields\": [\"Visualizacao\", \"Quantidade vendas\"]}}]"
  }
},
{
  "model": "admin.logentry",
  "pk": 143,
  "fields": {
    "action_time": "2025-01-13T20:00:43.327Z",
    "user": [
      "Alva"
    ],
    "content_type": [
      "app",
      "produto"
    ],
    "object_id": "4",
    "object_repr": "camiseta masculina",
    "action_flag": 2,
    "change_message": "[{\"changed\": {\"fields\": [\"Visualizacao\", \"Quantidade vendas\"]}}]"
  }
},
{
  "model": "admin.logentry",
  "pk": 144,
  "fields": {
    "action_time": "2025-01-13T20:00:49.103Z",
    "user": [
      "Alva"
    ],
    "content_type": [
      "app",
      "produto"
    ],
    "object_id": "5",
    "object_repr": "calça feminino",
    "action_flag": 2,
    "change_message": "[{\"changed\": {\"fields\": [\"Visualizacao\", \"Quantidade vendas\"]}}]"
  }
},
{
  "model": "admin.logentry",
  "pk": 145,
  "fields": {
    "action_time": "2025-01-13T20:01:03.098Z",
    "user": [
      "Alva"
    ],
    "content_type": [
      "app",
      "produto"
    ],
    "object_id": "6",
    "object_repr": "paralelepipedo inconstitucional calendário esquizofrenico",
    "action_flag": 2,
    "change_message": "[{\"changed\": {\"fields\": [\"Visualizacao\", \"Quantidade vendas\"]}}]"
  }
},
{
  "model": "admin.logentry",
  "pk": 146,
  "fields": {
    "action_time": "2025-01-13T20:01:08.769Z",
    "user": [
      "Alva"
    ],
    "content_type": [
      "app",
      "produto"
    ],
    "object_id": "7",
    "object_repr": "Aspirador de Pó",
    "action_flag": 2,
    "change_message": "[{\"changed\": {\"fields\": [\"Visualizacao\"]}}]"
  }
},
{
  "model": "admin.logentry",
  "pk": 147,
  "fields": {
    "action_time": "2025-01-13T20:01:13.487Z",
    "user": [
      "Alva"
    ],
    "content_type": [
      "app",
      "produto"
    ],
    "object_id": "8",
    "object_repr": "volkswagen UP! TSI",
    "action_flag": 2,
    "change_message": "[{\"changed\": {\"fields\": [\"Visualizacao\"]}}]"
  }
},
{
  "model": "admin.logentry",
  "pk": 148,
  "fields": {
    "action_time": "2025-01-13T20:01:20.648Z",
    "user": [
      "Alva"
    ],
    "content_type": [
      "app",
      "produto"
    ],
    "object_id": "9",
    "object_repr": "Marco Aurélio",
    "action_flag": 2,
    "change_message": "[{\"changed\": {\"fields\": [\"Visualizacao\", \"Quantidade vendas\"]}}]"
  }
},
{
  "model": "admin.logentry",
  "pk": 149,
  "fields": {
    "action_time": "2025-01-14T03:20:30.230Z",
    "user": [
      "Alva"
    ],
    "content_type": [
      "app",
      "produto"
    ],
    "object_id": "8",
    "object_repr": "volkswagen UP! TSI",
    "action_flag": 2,
    "change_message": "[{\"changed\": {\"fields\": [\"Visualizacao\"]}}]"
  }
},
{
  "model": "admin.logentry",
  "pk": 150,
  "fields": {
    "action_time": "2025-01-14T03:22:05.978Z",
    "user": [
      "Alva"
    ],
    "content_type": [
      "app",
      "produto"
    ],
    "object_id": "8",
    "object_repr": "volkswagen UP! TSI",
    "action_flag": 2,
    "change_message": "[{\"changed\": {\"fields\": [\"Quantidade vendas\"]}}]"
  }
},
{
  "model": "admin.logentry",
  "pk": 151,
  "fields": {
    "action_time": "2025-01-14T03:22:10.636Z",
    "user": [
      "Alva"
    ],
    "content_type": [
      "app",
      "produto"
    ],
    "object_id": "6",
    "object_repr": "paralelepipedo inconstitucional calendário esquizofrenico",
    "action_flag": 2,
    "change_message": "[{\"changed\": {\"fields\": [\"Quantidade vendas\"]}}]"
  }
},
{
  "model": "admin.logentry",
  "pk": 152,
  "fields": {
    "action_time": "2025-01-14T03:22:21.533Z",
    "user": [
      "Alva"
    ],
    "content_type": [
      "app",
      "produto"
    ],
    "object_id": "2",
    "object_repr": "Computador dell",
    "action_flag": 2,
    "change_message": "[{\"changed\": {\"fields\": [\"Quantidade vendas\"]}}]"
  }
},
{
  "model": "admin.logentry",
  "pk": 153,
  "fields": {
    "action_time": "2025-01-14T03:22:32.535Z",
    "user": [
      "Alva"
    ],
    "content_type": [
      "app",
      "produto"
    ],
    "object_id": "3",
    "object_repr": "telefone",
    "action_flag": 2,
    "change_message": "[{\"changed\": {\"fields\": [\"Quantidade vendas\"]}}]"
  }
},
{
  "model": "admin.logentry",
  "pk": 154,
  "fields": {
    "action_time": "2025-01-15T03:25:29.546Z",
    "user": [
      "Alva"
    ],
    "content_type": [
      "app",
      "pedido_order"
    ],
    "object_id": "48",
    "object_repr": "Pedido_order: 48 | Status: Pagamento Confirmado | Cliente: Alva Test",
    "action_flag": 2,
    "change_message": "[{\"changed\": {\"fields\": [\"Id PagBank\"]}}]"
  }
},
{
  "model": "admin.logentry",
  "pk": 155,
  "fields": {
    "action_time": "2025-01-22T02:09:42.141Z",
    "user": [
      "Alva"
    ],
    "content_type": [
      "app",
      "fotosproduto"
    ],
    "object_id": "1",
    "object_repr": "Computador dell: 1",
    "action_flag": 1,
    "change_message": "[{\"added\": {}}]"
  }
},
{
  "model": "admin.logentry",
  "pk": 156,
  "fields": {
    "action_time": "2025-01-22T02:09:53.730Z",
    "user": [
      "Alva"
    ],
    "content_type": [
      "app",
      "fotosproduto"
    ],
    "object_id": "2",
    "object_repr": "Computador dell: 2",
    "action_flag": 1,
    "change_message": "[{\"added\": {}}]"
  }
},
{
  "model": "admin.logentry",
  "pk": 157,
  "fields": {
    "action_time": "2025-01-22T02:10:03.806Z",
    "user": [
      "Alva"
    ],
    "content_type": [
      "app",
      "fotosproduto"
    ],
    "object_id": "3",
    "object_repr": "Computador dell: 3",
    "action_flag": 1,
    "change_message": "[{\"added\": {}}]"
  }
},
{
  "model": "admin.logentry",
  "pk": 158,
  "fields": {
    "action_time": "2025-01-24T15:59:59.015Z",
    "user": [
      "Alva"
    ],
    "content_type": [
      "app",
      "produto"
    ],
    "object_id": "9",
    "object_repr": "Marco Aurélio",
    "action_flag": 2,
    "change_message": "[{\"changed\": {\"fields\": [\"Descricao\"]}}]"
  }
},
{
  "model": "admin.logentry",
  "pk": 159,
  "fields": {
    "action_time": "2025-01-24T16:23:31.605Z",
    "user": [
      "Alva"
    ],
    "content_type": [
      "app",
      "produto"
    ],
    "object_id": "9",
    "object_repr": "Marco Aurélio",
    "action_flag": 2,
    "change_message": "[{\"changed\": {\"fields\": [\"Preco unitario bruto\"]}}]"
  }
},
{
  "model": "admin.logentry",
  "pk": 160,
  "fields": {
    "action_time": "2025-01-24T16:23:42.118Z",
    "user": [
      "Alva"
    ],
    "content_type": [
      "app",
      "produto"
    ],
    "object_id": "3",
    "object_repr": "telefone",
    "action_flag": 2,
    "change_message": "[{\"changed\": {\"fields\": [\"Preco unitario bruto\"]}}]"
  }
},
{
  "model": "admin.logentry",
  "pk": 161,
  "fields": {
    "action_time": "2025-01-24T16:24:27.826Z",
    "user": [
      "Alva"
    ],
    "content_type": [
      "app",
      "produto"
    ],
    "object_id": "9",
    "object_repr": "Marco Aurélio",
    "action_flag": 2,
    "change_message": "[{\"changed\": {\"fields\": [\"Quantidade vendas\"]}}]"
  }
},
{
  "model": "admin.logentry",
  "pk": 162,
  "fields": {
    "action_time": "2025-01-28T20:10:52.352Z",
    "user": [
      "Alva"
    ],
    "content_type": [
      "app",
      "fotosproduto"
    ],
    "object_id": "1",
    "object_repr": "Computador dell: 2",
    "action_flag": 2,
    "change_message": "[{\"changed\": {\"fields\": [\"Img num\"]}}]"
  }
},
{
  "model": "admin.logentry",
  "pk": 163,
  "fields": {
    "action_time": "2025-01-28T20:10:55.717Z",
    "user": [
      "Alva"
    ],
    "content_type": [
      "app",
      "fotosproduto"
    ],
    "object_id": "2",
    "object_repr": "Computador dell: 3",
    "action_flag": 2,
    "change_message": "[{\"changed\": {\"fields\": [\"Img num\"]}}]"
  }
},
{
  "model": "admin.logentry",
  "pk": 164,
  "fields": {
    "action_time": "2025-01-28T20:10:58.997Z",
    "user": [
      "Alva"
    ],
    "content_type": [
      "app",
      "fotosproduto"
    ],
    "object_id": "3",
    "object_repr": "Computador dell: 4",
    "action_flag": 2,
    "change_message": "[{\"changed\": {\"fields\": [\"Img num\"]}}]"
  }
},
{
  "model": "admin.logentry",
  "pk": 165,
  "fields": {
    "action_time": "2025-01-28T20:14:20.519Z",
    "user": [
      "Alva"
    ],
    "content_type": [
      "app",
      "fotosproduto"
    ],
    "object_id": "4",
    "object_repr": "Relógio: 2",
    "action_flag": 1,
    "change_message": "[{\"added\": {}}]"
  }
},
{
  "model": "admin.logentry",
  "pk": 166,
  "fields": {
    "action_time": "2025-01-28T20:14:28.821Z",
    "user": [
      "Alva"
    ],
    "content_type": [
      "app",
      "fotosproduto"
    ],
    "object_id": "5",
    "object_repr": "Relógio: 3",
    "action_flag": 1,
    "change_message": "[{\"added\": {}}]"
  }
},
{
  "model": "admin.logentry",
  "pk": 167,
  "fields": {
    "action_time": "2025-01-28T20:14:42.178Z",
    "user": [
      "Alva"
    ],
    "content_type": [
      "app",
      "fotosproduto"
    ],
    "object_id": "6",
    "object_repr": "telefone: 2",
    "action_flag": 1,
    "change_message": "[{\"added\": {}}]"
  }
},
{
  "model": "admin.logentry",
  "pk": 168,
  "fields": {
    "action_time": "2025-01-28T20:14:48.864Z",
    "user": [
      "Alva"
    ],
    "content_type": [
      "app",
      "fotosproduto"
    ],
    "object_id": "7",
    "object_repr": "telefone: 3",
    "action_flag": 1,
    "change_message": "[{\"added\": {}}]"
  }
},
{
  "model": "admin.logentry",
  "pk": 169,
  "fields": {
    "action_time": "2025-01-28T20:14:56.031Z",
    "user": [
      "Alva"
    ],
    "content_type": [
      "app",
      "fotosproduto"
    ],
    "object_id": "8",
    "object_repr": "telefone: 4",
    "action_flag": 1,
    "change_message": "[{\"added\": {}}]"
  }
},
{
  "model": "admin.logentry",
  "pk": 170,
  "fields": {
    "action_time": "2025-01-28T20:15:07.018Z",
    "user": [
      "Alva"
    ],
    "content_type": [
      "app",
      "fotosproduto"
    ],
    "object_id": "9",
    "object_repr": "camiseta masculina: 2",
    "action_flag": 1,
    "change_message": "[{\"added\": {}}]"
  }
},
{
  "model": "admin.logentry",
  "pk": 171,
  "fields": {
    "action_time": "2025-01-28T20:15:17.668Z",
    "user": [
      "Alva"
    ],
    "content_type": [
      "app",
      "fotosproduto"
    ],
    "object_id": "10",
    "object_repr": "calça feminino: 2",
    "action_flag": 1,
    "change_message": "[{\"added\": {}}]"
  }
},
{
  "model": "admin.logentry",
  "pk": 172,
  "fields": {
    "action_time": "2025-01-28T20:15:27.098Z",
    "user": [
      "Alva"
    ],
    "content_type": [
      "app",
      "fotosproduto"
    ],
    "object_id": "11",
    "object_repr": "paralelepipedo inconstitucional calendário esquizofrenico: 2",
    "action_flag": 1,
    "change_message": "[{\"added\": {}}]"
  }
},
{
  "model": "admin.logentry",
  "pk": 173,
  "fields": {
    "action_time": "2025-01-28T20:15:36.178Z",
    "user": [
      "Alva"
    ],
    "content_type": [
      "app",
      "fotosproduto"
    ],
    "object_id": "12",
    "object_repr": "paralelepipedo inconstitucional calendário esquizofrenico: 3",
    "action_flag": 1,
    "change_message": "[{\"added\": {}}]"
  }
},
{
  "model": "admin.logentry",
  "pk": 174,
  "fields": {
    "action_time": "2025-01-28T20:15:43.141Z",
    "user": [
      "Alva"
    ],
    "content_type": [
      "app",
      "fotosproduto"
    ],
    "object_id": "13",
    "object_repr": "Aspirador de Pó: 2",
    "action_flag": 1,
    "change_message": "[{\"added\": {}}]"
  }
},
{
  "model": "admin.logentry",
  "pk": 175,
  "fields": {
    "action_time": "2025-01-28T20:15:50.911Z",
    "user": [
      "Alva"
    ],
    "content_type": [
      "app",
      "fotosproduto"
    ],
    "object_id": "14",
    "object_repr": "volkswagen UP! TSI: 2",
    "action_flag": 1,
    "change_message": "[{\"added\": {}}]"
  }
},
{
  "model": "admin.logentry",
  "pk": 176,
  "fields": {
    "action_time": "2025-01-28T20:16:00.613Z",
    "user": [
      "Alva"
    ],
    "content_type": [
      "app",
      "fotosproduto"
    ],
    "object_id": "15",
    "object_repr": "volkswagen UP! TSI: 3",
    "action_flag": 1,
    "change_message": "[{\"added\": {}}]"
  }
},
{
  "model": "admin.logentry",
  "pk": 177,
  "fields": {
    "action_time": "2025-01-28T20:16:10.163Z",
    "user": [
      "Alva"
    ],
    "content_type": [
      "app",
      "fotosproduto"
    ],
    "object_id": "16",
    "object_repr": "Marco Aurélio: 2",
    "action_flag": 1,
    "change_message": "[{\"added\": {}}]"
  }
},
{
  "model": "admin.logentry",
  "pk": 178,
  "fields": {
    "action_time": "2025-01-28T20:16:28.660Z",
    "user": [
      "Alva"
    ],
    "content_type": [
      "app",
      "fotosproduto"
    ],
    "object_id": "17",
    "object_repr": "Marco Aurélio: 3",
    "action_flag": 1,
    "change_message": "[{\"added\": {}}]"
  }
},
{
  "model": "admin.logentry",
  "pk": 179,
  "fields": {
    "action_time": "2025-01-28T20:16:46.504Z",
    "user": [
      "Alva"
    ],
    "content_type": [
      "app",
      "fotosproduto"
    ],
    "object_id": "18",
    "object_repr": "Marco Aurélio: 4",
    "action_flag": 1,
    "change_message": "[{\"added\": {}}]"
  }
},
{
  "model": "admin.logentry",
  "pk": 180,
  "fields": {
    "action_time": "2025-01-30T16:54:50.082Z",
    "user": [
      "admin"
    ],
    "content_type": [
      "app",
      "produto"
    ],
    "object_id": "9",
    "object_repr": "Marco Aurélio",
    "action_flag": 3,
    "change_message": ""
  }
},
{
  "model": "admin.logentry",
  "pk": 181,
  "fields": {
    "action_time": "2025-01-30T16:54:50.100Z",
    "user": [
      "admin"
    ],
    "content_type": [
      "app",
      "produto"
    ],
    "object_id": "8",
    "object_repr": "volkswagen UP! TSI",
    "action_flag": 3,
    "change_message": ""
  }
},
{
  "model": "admin.logentry",
  "pk": 182,
  "fields": {
    "action_time": "2025-01-30T16:54:50.115Z",
    "user": [
      "admin"
    ],
    "content_type": [
      "app",
      "produto"
    ],
    "object_id": "7",
    "object_repr": "Aspirador de Pó",
    "action_flag": 3,
    "change_message": ""
  }
},
{
  "model": "admin.logentry",
  "pk": 183,
  "fields": {
    "action_time": "2025-01-30T16:54:50.125Z",
    "user": [
      "admin"
    ],
    "content_type": [
      "app",
      "produto"
    ],
    "object_id": "6",
    "object_repr": "paralelepipedo inconstitucional calendário esquizofrenico",
    "action_flag": 3,
    "change_message": ""
  }
},
{
  "model": "admin.logentry",
  "pk": 184,
  "fields": {
    "action_time": "2025-01-30T16:54:50.130Z",
    "user": [
      "admin"
    ],
    "content_type": [
      "app",
      "produto"
    ],
    "object_id": "5",
    "object_repr": "calça feminino",
    "action_flag": 3,
    "change_message": ""
  }
},
{
  "model": "admin.logentry",
  "pk": 185,
  "fields": {
    "action_time": "2025-01-30T16:54:50.149Z",
    "user": [
      "admin"
    ],
    "content_type": [
      "app",
      "produto"
    ],
    "object_id": "4",
    "object_repr": "camiseta masculina",
    "action_flag": 3,
    "change_message": ""
  }
},
{
  "model": "admin.logentry",
  "pk": 186,
  "fields": {
    "action_time": "2025-01-30T16:54:50.149Z",
    "user": [
      "admin"
    ],
    "content_type": [
      "app",
      "produto"
    ],
    "object_id": "3",
    "object_repr": "telefone",
    "action_flag": 3,
    "change_message": ""
  }
},
{
  "model": "admin.logentry",
  "pk": 187,
  "fields": {
    "action_time": "2025-01-30T16:54:50.172Z",
    "user": [
      "admin"
    ],
    "content_type": [
      "app",
      "produto"
    ],
    "object_id": "2",
    "object_repr": "Computador dell",
    "action_flag": 3,
    "change_message": ""
  }
},
{
  "model": "admin.logentry",
  "pk": 188,
  "fields": {
    "action_time": "2025-01-30T16:54:50.189Z",
    "user": [
      "admin"
    ],
    "content_type": [
      "app",
      "produto"
    ],
    "object_id": "1",
    "object_repr": "Relógio",
    "action_flag": 3,
    "change_message": ""
  }
},
{
  "model": "admin.logentry",
  "pk": 189,
  "fields": {
    "action_time": "2025-01-30T17:00:00.850Z",
    "user": [
      "admin"
    ],
    "content_type": [
      "app",
      "produto"
    ],
    "object_id": "10",
    "object_repr": "-",
    "action_flag": 1,
    "change_message": "[{\"added\": {}}]"
  }
},
{
  "model": "admin.logentry",
  "pk": 190,
  "fields": {
    "action_time": "2025-01-30T17:01:16.294Z",
    "user": [
      "admin"
    ],
    "content_type": [
      "app",
      "categoria"
    ],
    "object_id": "3",
    "object_repr": "Pisos Cerâmicos",
    "action_flag": 1,
    "change_message": "[{\"added\": {}}]"
  }
},
{
  "model": "admin.logentry",
  "pk": 191,
  "fields": {
    "action_time": "2025-01-30T17:01:26.747Z",
    "user": [
      "admin"
    ],
    "content_type": [
      "app",
      "produto"
    ],
    "object_id": "10",
    "object_repr": "-",
    "action_flag": 2,
    "change_message": "[{\"changed\": {\"fields\": [\"Categoria\"]}}]"
  }
},
{
  "model": "admin.logentry",
  "pk": 192,
  "fields": {
    "action_time": "2025-01-30T17:01:43.860Z",
    "user": [
      "admin"
    ],
    "content_type": [
      "app",
      "categoria"
    ],
    "object_id": "2",
    "object_repr": "Roupas e Modas",
    "action_flag": 3,
    "change_message": ""
  }
},
{
  "model": "admin.logentry",
  "pk": 193,
  "fields": {
    "action_time": "2025-01-30T17:01:43.864Z",
    "user": [
      "admin"
    ],
    "content_type": [
      "app",
      "categoria"
    ],
    "object_id": "1",
    "object_repr": "Eletronica",
    "action_flag": 3,
    "change_message": ""
  }
},
{
  "model": "admin.logentry",
  "pk": 194,
  "fields": {
    "action_time": "2025-01-30T17:02:09.291Z",
    "user": [
      "admin"
    ],
    "content_type": [
      "app",
      "categoria"
    ],
    "object_id": "4",
    "object_repr": "Porcelanatos",
    "action_flag": 1,
    "change_message": "[{\"added\": {}}]"
  }
},
{
  "model": "admin.logentry",
  "pk": 195,
  "fields": {
    "action_time": "2025-01-30T17:03:04.226Z",
    "user": [
      "admin"
    ],
    "content_type": [
      "app",
      "categoria"
    ],
    "object_id": "5",
    "object_repr": "Argamassas",
    "action_flag": 1,
    "change_message": "[{\"added\": {}}]"
  }
},
{
  "model": "admin.logentry",
  "pk": 196,
  "fields": {
    "action_time": "2025-01-30T17:07:50.915Z",
    "user": [
      "admin"
    ],
    "content_type": [
      "app",
      "produto"
    ],
    "object_id": "11",
    "object_repr": "-",
    "action_flag": 1,
    "change_message": "[{\"added\": {}}]"
  }
},
{
  "model": "admin.logentry",
  "pk": 197,
  "fields": {
    "action_time": "2025-01-30T17:10:14.466Z",
    "user": [
      "admin"
    ],
    "content_type": [
      "app",
      "produto"
    ],
    "object_id": "12",
    "object_repr": "-",
    "action_flag": 1,
    "change_message": "[{\"added\": {}}]"
  }
},
{
  "model": "admin.logentry",
  "pk": 198,
  "fields": {
    "action_time": "2025-01-30T18:34:45.394Z",
    "user": [
      "Alva"
    ],
    "content_type": [
      "app",
      "produto"
    ],
    "object_id": "11",
    "object_repr": "Piso Nepal Bold Brilhante Branco 44x44cm 2,50m2",
    "action_flag": 2,
    "change_message": "[{\"changed\": {\"fields\": [\"Titulo\"]}}]"
  }
},
{
  "model": "admin.logentry",
  "pk": 199,
  "fields": {
    "action_time": "2025-01-30T21:48:23.694Z",
    "user": [
      "Alva"
    ],
    "content_type": [
      "app",
      "fotosproduto"
    ],
    "object_id": "19",
    "object_repr": "Piso Nepal Bold Brilhante Branco 44x44cm 2,50m2: 2",
    "action_flag": 1,
    "change_message": "[{\"added\": {}}]"
  }
},
{
  "model": "admin.logentry",
  "pk": 200,
  "fields": {
    "action_time": "2025-01-30T21:48:31.207Z",
    "user": [
      "Alva"
    ],
    "content_type": [
      "app",
      "fotosproduto"
    ],
    "object_id": "20",
    "object_repr": "Piso Nepal Bold Brilhante Branco 44x44cm 2,50m2: 3",
    "action_flag": 1,
    "change_message": "[{\"added\": {}}]"
  }
},
{
  "model": "admin.logentry",
  "pk": 201,
  "fields": {
    "action_time": "2025-01-31T02:39:58.205Z",
    "user": [
      "Alva"
    ],
    "content_type": [
      "app",
      "endereco"
    ],
    "object_id": "7",
    "object_repr": "Country core funeral | João Guimarães",
    "action_flag": 2,
    "change_message": "[{\"changed\": {\"fields\": [\"Cep\"]}}]"
  }
},
{
  "model": "admin.logentry",
  "pk": 202,
  "fields": {
    "action_time": "2025-01-31T02:40:06.234Z",
    "user": [
      "Alva"
    ],
    "content_type": [
      "app",
      "endereco"
    ],
    "object_id": "2",
    "object_repr": "casa do caralho | João Guimarães",
    "action_flag": 2,
    "change_message": "[{\"changed\": {\"fields\": [\"Cep\"]}}]"
  }
},
{
  "model": "admin.logentry",
  "pk": 203,
  "fields": {
    "action_time": "2025-01-31T02:40:19.961Z",
    "user": [
      "Alva"
    ],
    "content_type": [
      "app",
      "endereco"
    ],
    "object_id": "1",
    "object_repr": "casa | João Guimarães",
    "action_flag": 2,
    "change_message": "[{\"changed\": {\"fields\": [\"Cep\", \"Estado\", \"Cidade\"]}}]"
  }
},
{
  "model": "admin.logentry",
  "pk": 204,
  "fields": {
    "action_time": "2025-01-31T19:27:14.599Z",
    "user": [
      "Alva"
    ],
    "content_type": [
      "app",
      "produto"
    ],
    "object_id": "12",
    "object_repr": "-",
    "action_flag": 2,
    "change_message": "[{\"changed\": {\"fields\": [\"Preco unitario bruto\", \"Visualizacao\"]}}]"
  }
},
{
  "model": "admin.logentry",
  "pk": 205,
  "fields": {
    "action_time": "2025-01-31T19:27:30.515Z",
    "user": [
      "Alva"
    ],
    "content_type": [
      "app",
      "produto"
    ],
    "object_id": "12",
    "object_repr": "-",
    "action_flag": 2,
    "change_message": "[{\"changed\": {\"fields\": [\"Preco unitario bruto\"]}}]"
  }
},
{
  "model": "admin.logentry",
  "pk": 206,
  "fields": {
    "action_time": "2025-01-31T19:27:42.638Z",
    "user": [
      "Alva"
    ],
    "content_type": [
      "app",
      "produto"
    ],
    "object_id": "12",
    "object_repr": "-",
    "action_flag": 2,
    "change_message": "[{\"changed\": {\"fields\": [\"Preco unitario bruto\"]}}]"
  }
},
{
  "model": "admin.logentry",
  "pk": 207,
  "fields": {
    "action_time": "2025-02-06T21:38:40.081Z",
    "user": [
      "Alva"
    ],
    "content_type": [
      "app",
      "produto"
    ],
    "object_id": "11",
    "object_repr": "Piso Nepal Bold Brilhante Branco 44x44cm 2,50m²",
    "action_flag": 2,
    "change_message": "[{\"changed\": {\"fields\": [\"Titulo\"]}}]"
  }
},
{
  "model": "admin.logentry",
  "pk": 208,
  "fields": {
    "action_time": "2025-02-06T23:06:01.812Z",
    "user": [
      "Alva"
    ],
    "content_type": [
      "app",
      "produto"
    ],
    "object_id": "12",
    "object_repr": "Argamassa Interna ACI 20 Kg | PraObra",
    "action_flag": 2,
    "change_message": "[{\"changed\": {\"fields\": [\"Titulo\"]}}]"
  }
},
{
  "model": "admin.logentry",
  "pk": 209,
  "fields": {
    "action_time": "2025-02-06T23:07:43.185Z",
    "user": [
      "Alva"
    ],
    "content_type": [
      "app",
      "produto"
    ],
    "object_id": "10",
    "object_repr": "PISO ALFAGRES 45700 45X45cm 2,01m²",
    "action_flag": 2,
    "change_message": "[{\"changed\": {\"fields\": [\"Titulo\"]}}]"
  }
},
{
  "model": "admin.logentry",
  "pk": 210,
  "fields": {
    "action_time": "2025-02-07T01:48:21.438Z",
    "user": [
      "Alva"
    ],
    "content_type": [
      "app",
      "fotosproduto"
    ],
    "object_id": "21",
    "object_repr": "Argamassa Interna ACI 20 Kg | PraObra: 2",
    "action_flag": 1,
    "change_message": "[{\"added\": {}}]"
  }
},
{
  "model": "admin.logentry",
  "pk": 211,
  "fields": {
    "action_time": "2025-02-08T00:20:27.118Z",
    "user": [
      "Alva"
    ],
    "content_type": [
      "app",
      "pedido_order"
    ],
    "object_id": "63",
    "object_repr": "Pedido_order: 63 | Status: Pagamento Processando | Cliente: Alva Test",
    "action_flag": 3,
    "change_message": ""
  }
},
{
  "model": "admin.logentry",
  "pk": 212,
  "fields": {
    "action_time": "2025-02-08T00:41:06.770Z",
    "user": [
      "Alva"
    ],
    "content_type": [
      "app",
      "pedido_order"
    ],
    "object_id": "64",
    "object_repr": "Pedido_order: 64 | Status: Pagamento Processando | Cliente: Alva Test",
    "action_flag": 3,
    "change_message": ""
  }
},
{
  "model": "admin.logentry",
  "pk": 213,
  "fields": {
    "action_time": "2025-02-08T01:35:04.458Z",
    "user": [
      "Alva"
    ],
    "content_type": [
      "app",
      "pedido_order"
    ],
    "object_id": "66",
    "object_repr": "Pedido_order: 66 | Status: Pagamento Processando | Cliente: Alva Test",
    "action_flag": 3,
    "change_message": ""
  }
},
{
  "model": "admin.logentry",
  "pk": 214,
  "fields": {
    "action_time": "2025-02-08T01:38:22.276Z",
    "user": [
      "Alva"
    ],
    "content_type": [
      "app",
      "pedido_order"
    ],
    "object_id": "67",
    "object_repr": "Pedido_order: 67 | Status: Pagamento Processando | Cliente: Alva Test",
    "action_flag": 3,
    "change_message": ""
  }
},
{
  "model": "admin.logentry",
  "pk": 215,
  "fields": {
    "action_time": "2025-02-08T01:42:30.684Z",
    "user": [
      "Alva"
    ],
    "content_type": [
      "app",
      "pedido_order"
    ],
    "object_id": "68",
    "object_repr": "Pedido_order: 68 | Status: Pagamento Processando | Cliente: Alva Test",
    "action_flag": 3,
    "change_message": ""
  }
},
{
  "model": "admin.logentry",
  "pk": 216,
  "fields": {
    "action_time": "2025-02-10T18:40:06.667Z",
    "user": [
      "Alva"
    ],
    "content_type": [
      "app",
      "pedido_order"
    ],
    "object_id": "69",
    "object_repr": "Pedido_order: 69 | Status: Pagamento Processando | Cliente: Alva Test",
    "action_flag": 3,
    "change_message": ""
  }
},
{
  "model": "admin.logentry",
  "pk": 217,
  "fields": {
    "action_time": "2025-02-10T18:44:05.156Z",
    "user": [
      "Alva"
    ],
    "content_type": [
      "app",
      "pedido_order"
    ],
    "object_id": "70",
    "object_repr": "Pedido_order: 70 | Status: Pagamento Processando | Cliente: Alva Test",
    "action_flag": 3,
    "change_message": ""
  }
},
{
  "model": "admin.logentry",
  "pk": 218,
  "fields": {
    "action_time": "2025-02-10T18:55:14.777Z",
    "user": [
      "Alva"
    ],
    "content_type": [
      "app",
      "pedido_order"
    ],
    "object_id": "71",
    "object_repr": "Pedido_order: 71 | Status: Pagamento Processando | Cliente: Alva Test",
    "action_flag": 3,
    "change_message": ""
  }
},
{
  "model": "admin.logentry",
  "pk": 219,
  "fields": {
    "action_time": "2025-02-10T19:06:20.988Z",
    "user": [
      "Alva"
    ],
    "content_type": [
      "app",
      "pedido_order"
    ],
    "object_id": "72",
    "object_repr": "Pedido_order: 72 | Status: Pagamento Processando | Cliente: Alva Test",
    "action_flag": 3,
    "change_message": ""
  }
},
{
  "model": "admin.logentry",
  "pk": 220,
  "fields": {
    "action_time": "2025-02-10T19:18:55.584Z",
    "user": [
      "Alva"
    ],
    "content_type": [
      "app",
      "pedido_order"
    ],
    "object_id": "73",
    "object_repr": "Pedido_order: 73 | Status: Pagamento Processando | Cliente: Alva Test",
    "action_flag": 3,
    "change_message": ""
  }
},
{
  "model": "admin.logentry",
  "pk": 221,
  "fields": {
    "action_time": "2025-02-14T19:00:10.924Z",
    "user": [
      "Alva"
    ],
    "content_type": [
      "app",
      "cliente"
    ],
    "object_id": "17",
    "object_repr": "Alva Test",
    "action_flag": 2,
    "change_message": "[{\"changed\": {\"fields\": [\"Telefone\"]}}]"
  }
},
{
  "model": "admin.logentry",
  "pk": 222,
  "fields": {
    "action_time": "2025-02-17T23:04:12.872Z",
    "user": [
      "Alva"
    ],
    "content_type": [
      "rest_framework_api_key",
      "apikey"
    ],
    "object_id": "Ut80LNz4.sha512$$0550e07fd52fdc06a09ed1dc7ad149e0705e7036d70c0a6f2ed5919ae2b7cfa3b5b0c132b40410084cedea8e14498dc54d1c3c2e3fe8e469528869f20ba918f3",
    "object_repr": "TestKey",
    "action_flag": 1,
    "change_message": "[{\"added\": {}}]"
  }
},
{
  "model": "admin.logentry",
  "pk": 223,
  "fields": {
    "action_time": "2025-02-24T18:54:40.821Z",
    "user": [
      "Alva"
    ],
    "content_type": [
      "rest_framework_api_key",
      "apikey"
    ],
    "object_id": "RV0fsbEE.sha512$$f201ce4e5f4ede74a77ad3154b6bafe49d283db54db56bfaf675db483279cac3d46ffe550476771843f88af67006ac7609ea8e6fef702717592baab7525670e1",
    "object_repr": "TestNew",
    "action_flag": 1,
    "change_message": "[{\"added\": {}}]"
  }
},
{
  "model": "admin.logentry",
  "pk": 224,
  "fields": {
    "action_time": "2025-02-24T20:32:01.428Z",
    "user": [
      "Alva"
    ],
    "content_type": [
      "app",
      "produto"
    ],
    "object_id": "13",
    "object_repr": "Teste da API pra lançamento de produto",
    "action_flag": 2,
    "change_message": "[{\"changed\": {\"fields\": [\"Em estoque\"]}}]"
  }
},
{
  "model": "admin.logentry",
  "pk": 225,
  "fields": {
    "action_time": "2025-02-25T17:33:06.831Z",
    "user": [
      "Alva"
    ],
    "content_type": [
      "app",
      "fotosproduto"
    ],
    "object_id": "21",
    "object_repr": "Argamassa Interna ACI 20 Kg | PraObra: 2",
    "action_flag": 3,
    "change_message": ""
  }
},
{
  "model": "admin.logentry",
  "pk": 226,
  "fields": {
    "action_time": "2025-02-25T17:33:16.311Z",
    "user": [
      "Alva"
    ],
    "content_type": [
      "app",
      "produto"
    ],
    "object_id": "12",
    "object_repr": "ARG INTERNA ACI 20KG PRAOBRA",
    "action_flag": 2,
    "change_message": "[{\"changed\": {\"fields\": [\"Num fotos\"]}}]"
  }
},
{
  "model": "admin.logentry",
  "pk": 227,
  "fields": {
    "action_time": "2025-02-25T17:34:45.642Z",
    "user": [
      "Alva"
    ],
    "content_type": [
      "app",
      "fotosproduto"
    ],
    "object_id": "22",
    "object_repr": "Argamassa Interna ACI 20 Kg | PraObra: 2",
    "action_flag": 1,
    "change_message": "[{\"added\": {}}]"
  }
},
{
  "model": "admin.logentry",
  "pk": 228,
  "fields": {
    "action_time": "2025-02-25T17:35:09.110Z",
    "user": [
      "Alva"
    ],
    "content_type": [
      "app",
      "fotosproduto"
    ],
    "object_id": "22",
    "object_repr": "Argamassa Interna ACI 20 Kg | PraObra: 2",
    "action_flag": 3,
    "change_message": ""
  }
},
{
  "model": "admin.logentry",
  "pk": 229,
  "fields": {
    "action_time": "2025-02-25T17:36:01.257Z",
    "user": [
      "Alva"
    ],
    "content_type": [
      "app",
      "fotosproduto"
    ],
    "object_id": "23",
    "object_repr": "Argamassa Interna ACI 20 Kg | PraObra: 3",
    "action_flag": 1,
    "change_message": "[{\"added\": {}}]"
  }
},
{
  "model": "admin.logentry",
  "pk": 230,
  "fields": {
    "action_time": "2025-02-25T17:36:15.040Z",
    "user": [
      "Alva"
    ],
    "content_type": [
      "app",
      "fotosproduto"
    ],
    "object_id": "23",
    "object_repr": "Argamassa Interna ACI 20 Kg | PraObra: 3",
    "action_flag": 3,
    "change_message": ""
  }
},
{
  "model": "admin.logentry",
  "pk": 231,
  "fields": {
    "action_time": "2025-02-25T17:36:23.011Z",
    "user": [
      "Alva"
    ],
    "content_type": [
      "app",
      "produto"
    ],
    "object_id": "12",
    "object_repr": "ARG INTERNA ACI 20KG PRAOBRA",
    "action_flag": 2,
    "change_message": "[{\"changed\": {\"fields\": [\"Num fotos\"]}}]"
  }
},
{
  "model": "admin.logentry",
  "pk": 232,
  "fields": {
    "action_time": "2025-02-25T17:37:25.746Z",
    "user": [
      "Alva"
    ],
    "content_type": [
      "app",
      "fotosproduto"
    ],
    "object_id": "24",
    "object_repr": "Argamassa Interna ACI 20 Kg | PraObra: 2",
    "action_flag": 1,
    "change_message": "[{\"added\": {}}]"
  }
},
{
  "model": "admin.logentry",
  "pk": 233,
  "fields": {
    "action_time": "2025-02-25T17:37:31.537Z",
    "user": [
      "Alva"
    ],
    "content_type": [
      "app",
      "fotosproduto"
    ],
    "object_id": "24",
    "object_repr": "Argamassa Interna ACI 20 Kg | PraObra: 2",
    "action_flag": 3,
    "change_message": ""
  }
},
{
  "model": "admin.logentry",
  "pk": 234,
  "fields": {
    "action_time": "2025-02-25T17:37:38.678Z",
    "user": [
      "Alva"
    ],
    "content_type": [
      "app",
      "fotosproduto"
    ],
    "object_id": "25",
    "object_repr": "Argamassa Interna ACI 20 Kg | PraObra: 3",
    "action_flag": 1,
    "change_message": "[{\"added\": {}}]"
  }
},
{
  "model": "admin.logentry",
  "pk": 235,
  "fields": {
    "action_time": "2025-02-25T17:37:43.755Z",
    "user": [
      "Alva"
    ],
    "content_type": [
      "app",
      "fotosproduto"
    ],
    "object_id": "25",
    "object_repr": "Argamassa Interna ACI 20 Kg | PraObra: 3",
    "action_flag": 3,
    "change_message": ""
  }
},
{
  "model": "admin.logentry",
  "pk": 236,
  "fields": {
    "action_time": "2025-02-25T17:37:52.511Z",
    "user": [
      "Alva"
    ],
    "content_type": [
      "app",
      "produto"
    ],
    "object_id": "12",
    "object_repr": "ARG INTERNA ACI 20KG PRAOBRA",
    "action_flag": 2,
    "change_message": "[{\"changed\": {\"fields\": [\"Num fotos\"]}}]"
  }
},
{
  "model": "admin.logentry",
  "pk": 237,
  "fields": {
    "action_time": "2025-02-25T17:44:05.706Z",
    "user": [
      "Alva"
    ],
    "content_type": [
      "app",
      "fotosproduto"
    ],
    "object_id": "26",
    "object_repr": "Teste 2 da API pra lançamento de produto: 2",
    "action_flag": 1,
    "change_message": "[{\"added\": {}}]"
  }
},
{
  "model": "admin.logentry",
  "pk": 238,
  "fields": {
    "action_time": "2025-02-25T17:44:13.308Z",
    "user": [
      "Alva"
    ],
    "content_type": [
      "app",
      "fotosproduto"
    ],
    "object_id": "26",
    "object_repr": "Teste 2 da API pra lançamento de produto: 2",
    "action_flag": 3,
    "change_message": ""
  }
},
{
  "model": "admin.logentry",
  "pk": 239,
  "fields": {
    "action_time": "2025-02-25T17:44:22.219Z",
    "user": [
      "Alva"
    ],
    "content_type": [
      "app",
      "fotosproduto"
    ],
    "object_id": "27",
    "object_repr": "Teste 2 da API pra lançamento de produto: 3",
    "action_flag": 1,
    "change_message": "[{\"added\": {}}]"
  }
},
{
  "model": "admin.logentry",
  "pk": 240,
  "fields": {
    "action_time": "2025-02-25T17:51:49.963Z",
    "user": [
      "Alva"
    ],
    "content_type": [
      "app",
      "fotosproduto"
    ],
    "object_id": "27",
    "object_repr": "Teste 2 da API pra lançamento de produto: 3",
    "action_flag": 3,
    "change_message": ""
  }
},
{
  "model": "admin.logentry",
  "pk": 241,
  "fields": {
    "action_time": "2025-02-25T17:52:04.017Z",
    "user": [
      "Alva"
    ],
    "content_type": [
      "app",
      "produto"
    ],
    "object_id": "14",
    "object_repr": "Teste 2 da API pra lançamento de produto",
    "action_flag": 2,
    "change_message": "[{\"changed\": {\"fields\": [\"Num fotos\"]}}]"
  }
},
{
  "model": "admin.logentry",
  "pk": 242,
  "fields": {
    "action_time": "2025-02-25T17:52:20.617Z",
    "user": [
      "Alva"
    ],
    "content_type": [
      "app",
      "fotosproduto"
    ],
    "object_id": "28",
    "object_repr": "Teste 2 da API pra lançamento de produto: 2",
    "action_flag": 1,
    "change_message": "[{\"added\": {}}]"
  }
},
{
  "model": "admin.logentry",
  "pk": 243,
  "fields": {
    "action_time": "2025-02-25T17:52:26.258Z",
    "user": [
      "Alva"
    ],
    "content_type": [
      "app",
      "fotosproduto"
    ],
    "object_id": "28",
    "object_repr": "Teste 2 da API pra lançamento de produto: 2",
    "action_flag": 3,
    "change_message": ""
  }
},
{
  "model": "admin.logentry",
  "pk": 244,
  "fields": {
    "action_time": "2025-02-25T17:52:32.981Z",
    "user": [
      "Alva"
    ],
    "content_type": [
      "app",
      "fotosproduto"
    ],
    "object_id": "29",
    "object_repr": "Teste 2 da API pra lançamento de produto: 3",
    "action_flag": 1,
    "change_message": "[{\"added\": {}}]"
  }
},
{
  "model": "admin.logentry",
  "pk": 245,
  "fields": {
    "action_time": "2025-02-25T17:52:50.638Z",
    "user": [
      "Alva"
    ],
    "content_type": [
      "app",
      "fotosproduto"
    ],
    "object_id": "29",
    "object_repr": "Teste 2 da API pra lançamento de produto: 3",
    "action_flag": 3,
    "change_message": ""
  }
},
{
  "model": "admin.logentry",
  "pk": 246,
  "fields": {
    "action_time": "2025-02-25T17:52:58.314Z",
    "user": [
      "Alva"
    ],
    "content_type": [
      "app",
      "produto"
    ],
    "object_id": "14",
    "object_repr": "Teste 2 da API pra lançamento de produto",
    "action_flag": 2,
    "change_message": "[{\"changed\": {\"fields\": [\"Num fotos\"]}}]"
  }
},
{
  "model": "admin.logentry",
  "pk": 247,
  "fields": {
    "action_time": "2025-02-25T17:54:09.191Z",
    "user": [
      "Alva"
    ],
    "content_type": [
      "app",
      "fotosproduto"
    ],
    "object_id": "30",
    "object_repr": "PISO ALFAGRES 45700 45X45cm 2,01m²: 2",
    "action_flag": 1,
    "change_message": "[{\"added\": {}}]"
  }
},
{
  "model": "admin.logentry",
  "pk": 248,
  "fields": {
    "action_time": "2025-02-25T17:54:14.892Z",
    "user": [
      "Alva"
    ],
    "content_type": [
      "app",
      "fotosproduto"
    ],
    "object_id": "30",
    "object_repr": "PISO ALFAGRES 45700 45X45cm 2,01m²: 2",
    "action_flag": 3,
    "change_message": ""
  }
},
{
  "model": "admin.logentry",
  "pk": 249,
  "fields": {
    "action_time": "2025-02-25T17:54:20.204Z",
    "user": [
      "Alva"
    ],
    "content_type": [
      "app",
      "fotosproduto"
    ],
    "object_id": "31",
    "object_repr": "PISO ALFAGRES 45700 45X45cm 2,01m²: 3",
    "action_flag": 1,
    "change_message": "[{\"added\": {}}]"
  }
},
{
  "model": "admin.logentry",
  "pk": 250,
  "fields": {
    "action_time": "2025-02-25T17:54:26.470Z",
    "user": [
      "Alva"
    ],
    "content_type": [
      "app",
      "fotosproduto"
    ],
    "object_id": "31",
    "object_repr": "PISO ALFAGRES 45700 45X45cm 2,01m²: 3",
    "action_flag": 3,
    "change_message": ""
  }
},
{
  "model": "admin.logentry",
  "pk": 251,
  "fields": {
    "action_time": "2025-02-25T17:54:33.878Z",
    "user": [
      "Alva"
    ],
    "content_type": [
      "app",
      "produto"
    ],
    "object_id": "10",
    "object_repr": "PISO ALFAGRES 45700 ARBE A CX2,01 PEI4 45X45 MARANHAO",
    "action_flag": 2,
    "change_message": "[{\"changed\": {\"fields\": [\"Num fotos\"]}}]"
  }
},
{
  "model": "admin.logentry",
  "pk": 252,
  "fields": {
    "action_time": "2025-02-25T17:55:16.148Z",
    "user": [
      "Alva"
    ],
    "content_type": [
      "app",
      "fotosproduto"
    ],
    "object_id": "32",
    "object_repr": "Teste 2 da API pra lançamento de produto: 2",
    "action_flag": 1,
    "change_message": "[{\"added\": {}}]"
  }
},
{
  "model": "admin.logentry",
  "pk": 253,
  "fields": {
    "action_time": "2025-02-25T17:55:22.423Z",
    "user": [
      "Alva"
    ],
    "content_type": [
      "app",
      "fotosproduto"
    ],
    "object_id": "32",
    "object_repr": "Teste 2 da API pra lançamento de produto: 2",
    "action_flag": 3,
    "change_message": ""
  }
},
{
  "model": "admin.logentry",
  "pk": 254,
  "fields": {
    "action_time": "2025-02-25T17:56:18.546Z",
    "user": [
      "Alva"
    ],
    "content_type": [
      "app",
      "produto"
    ],
    "object_id": "14",
    "object_repr": "Teste 2 da API pra lançamento de produto",
    "action_flag": 2,
    "change_message": "[{\"changed\": {\"fields\": [\"Num fotos\"]}}]"
  }
},
{
  "model": "admin.logentry",
  "pk": 255,
  "fields": {
    "action_time": "2025-02-25T18:27:02.254Z",
    "user": [
      "Alva"
    ],
    "content_type": [
      "app",
      "fotosproduto"
    ],
    "object_id": "33",
    "object_repr": "Teste 2 da API pra lançamento de produto: 2",
    "action_flag": 1,
    "change_message": "[{\"added\": {}}]"
  }
},
{
  "model": "admin.logentry",
  "pk": 256,
  "fields": {
    "action_time": "2025-02-25T18:27:18.008Z",
    "user": [
      "Alva"
    ],
    "content_type": [
      "app",
      "fotosproduto"
    ],
    "object_id": "33",
    "object_repr": "Teste 2 da API pra lançamento de produto: 2",
    "action_flag": 3,
    "change_message": ""
  }
},
{
  "model": "admin.logentry",
  "pk": 257,
  "fields": {
    "action_time": "2025-02-25T18:27:25.596Z",
    "user": [
      "Alva"
    ],
    "content_type": [
      "app",
      "fotosproduto"
    ],
    "object_id": "34",
    "object_repr": "Teste 2 da API pra lançamento de produto: 3",
    "action_flag": 1,
    "change_message": "[{\"added\": {}}]"
  }
},
{
  "model": "admin.logentry",
  "pk": 258,
  "fields": {
    "action_time": "2025-02-25T18:30:13.703Z",
    "user": [
      "Alva"
    ],
    "content_type": [
      "app",
      "fotosproduto"
    ],
    "object_id": "34",
    "object_repr": "Teste 2 da API pra lançamento de produto: 3",
    "action_flag": 3,
    "change_message": ""
  }
},
{
  "model": "admin.logentry",
  "pk": 259,
  "fields": {
    "action_time": "2025-02-25T18:30:22.550Z",
    "user": [
      "Alva"
    ],
    "content_type": [
      "app",
      "produto"
    ],
    "object_id": "14",
    "object_repr": "Teste 2 da API pra lançamento de produto",
    "action_flag": 2,
    "change_message": "[{\"changed\": {\"fields\": [\"Num fotos\"]}}]"
  }
},
{
  "model": "admin.logentry",
  "pk": 260,
  "fields": {
    "action_time": "2025-02-25T18:31:35.982Z",
    "user": [
      "Alva"
    ],
    "content_type": [
      "app",
      "fotosproduto"
    ],
    "object_id": "35",
    "object_repr": "Teste 2 da API pra lançamento de produto: 2",
    "action_flag": 1,
    "change_message": "[{\"added\": {}}]"
  }
},
{
  "model": "admin.logentry",
  "pk": 261,
  "fields": {
    "action_time": "2025-02-25T18:31:47.256Z",
    "user": [
      "Alva"
    ],
    "content_type": [
      "app",
      "fotosproduto"
    ],
    "object_id": "35",
    "object_repr": "Teste 2 da API pra lançamento de produto: 2",
    "action_flag": 3,
    "change_message": ""
  }
},
{
  "model": "admin.logentry",
  "pk": 262,
  "fields": {
    "action_time": "2025-02-25T18:31:59.558Z",
    "user": [
      "Alva"
    ],
    "content_type": [
      "app",
      "produto"
    ],
    "object_id": "14",
    "object_repr": "Teste 2 da API pra lançamento de produto",
    "action_flag": 2,
    "change_message": "[{\"changed\": {\"fields\": [\"Num fotos\"]}}]"
  }
},
{
  "model": "admin.logentry",
  "pk": 263,
  "fields": {
    "action_time": "2025-02-25T18:32:20.325Z",
    "user": [
      "Alva"
    ],
    "content_type": [
      "app",
      "fotosproduto"
    ],
    "object_id": "36",
    "object_repr": "Teste 2 da API pra lançamento de produto: 2",
    "action_flag": 1,
    "change_message": "[{\"added\": {}}]"
  }
},
{
  "model": "admin.logentry",
  "pk": 264,
  "fields": {
    "action_time": "2025-02-25T18:32:26.902Z",
    "user": [
      "Alva"
    ],
    "content_type": [
      "app",
      "fotosproduto"
    ],
    "object_id": "36",
    "object_repr": "Teste 2 da API pra lançamento de produto: 2",
    "action_flag": 3,
    "change_message": ""
  }
},
{
  "model": "admin.logentry",
  "pk": 265,
  "fields": {
    "action_time": "2025-02-25T18:32:37.602Z",
    "user": [
      "Alva"
    ],
    "content_type": [
      "app",
      "produto"
    ],
    "object_id": "14",
    "object_repr": "Teste 2 da API pra lançamento de produto",
    "action_flag": 2,
    "change_message": "[{\"changed\": {\"fields\": [\"Num fotos\"]}}]"
  }
},
{
  "model": "admin.logentry",
  "pk": 266,
  "fields": {
    "action_time": "2025-02-25T18:33:45.980Z",
    "user": [
      "Alva"
    ],
    "content_type": [
      "app",
      "fotosproduto"
    ],
    "object_id": "37",
    "object_repr": "Teste 2 da API pra lançamento de produto: 2",
    "action_flag": 1,
    "change_message": "[{\"added\": {}}]"
  }
},
{
  "model": "admin.logentry",
  "pk": 267,
  "fields": {
    "action_time": "2025-02-25T18:33:51.076Z",
    "user": [
      "Alva"
    ],
    "content_type": [
      "app",
      "fotosproduto"
    ],
    "object_id": "37",
    "object_repr": "Teste 2 da API pra lançamento de produto: 2",
    "action_flag": 3,
    "change_message": ""
  }
},
{
  "model": "admin.logentry",
  "pk": 268,
  "fields": {
    "action_time": "2025-02-25T18:34:01.016Z",
    "user": [
      "Alva"
    ],
    "content_type": [
      "app",
      "produto"
    ],
    "object_id": "14",
    "object_repr": "Teste 2 da API pra lançamento de produto",
    "action_flag": 2,
    "change_message": "[{\"changed\": {\"fields\": [\"Num fotos\"]}}]"
  }
},
{
  "model": "admin.logentry",
  "pk": 269,
  "fields": {
    "action_time": "2025-02-25T18:44:31.568Z",
    "user": [
      "Alva"
    ],
    "content_type": [
      "app",
      "fotosproduto"
    ],
    "object_id": "38",
    "object_repr": "Teste 2 da API pra lançamento de produto: 2",
    "action_flag": 1,
    "change_message": "[{\"added\": {}}]"
  }
},
{
  "model": "admin.logentry",
  "pk": 270,
  "fields": {
    "action_time": "2025-02-25T18:44:36.646Z",
    "user": [
      "Alva"
    ],
    "content_type": [
      "app",
      "fotosproduto"
    ],
    "object_id": "38",
    "object_repr": "Teste 2 da API pra lançamento de produto: 2",
    "action_flag": 3,
    "change_message": ""
  }
},
{
  "model": "admin.logentry",
  "pk": 271,
  "fields": {
    "action_time": "2025-02-25T18:44:45.494Z",
    "user": [
      "Alva"
    ],
    "content_type": [
      "app",
      "produto"
    ],
    "object_id": "14",
    "object_repr": "Teste 2 da API pra lançamento de produto",
    "action_flag": 2,
    "change_message": "[{\"changed\": {\"fields\": [\"Num fotos\"]}}]"
  }
},
{
  "model": "admin.logentry",
  "pk": 272,
  "fields": {
    "action_time": "2025-02-25T18:45:19.832Z",
    "user": [
      "Alva"
    ],
    "content_type": [
      "app",
      "fotosproduto"
    ],
    "object_id": "39",
    "object_repr": "Teste 2 da API pra lançamento de produto: 2",
    "action_flag": 1,
    "change_message": "[{\"added\": {}}]"
  }
},
{
  "model": "admin.logentry",
  "pk": 273,
  "fields": {
    "action_time": "2025-02-25T18:45:25.817Z",
    "user": [
      "Alva"
    ],
    "content_type": [
      "app",
      "fotosproduto"
    ],
    "object_id": "39",
    "object_repr": "Teste 2 da API pra lançamento de produto: 2",
    "action_flag": 3,
    "change_message": ""
  }
},
{
  "model": "admin.logentry",
  "pk": 274,
  "fields": {
    "action_time": "2025-02-25T18:45:37.008Z",
    "user": [
      "Alva"
    ],
    "content_type": [
      "app",
      "produto"
    ],
    "object_id": "14",
    "object_repr": "Teste 2 da API pra lançamento de produto",
    "action_flag": 2,
    "change_message": "[{\"changed\": {\"fields\": [\"Num fotos\"]}}]"
  }
},
{
  "model": "admin.logentry",
  "pk": 275,
  "fields": {
    "action_time": "2025-02-25T18:45:54.027Z",
    "user": [
      "Alva"
    ],
    "content_type": [
      "app",
      "fotosproduto"
    ],
    "object_id": "40",
    "object_repr": "Teste 2 da API pra lançamento de produto: 2",
    "action_flag": 1,
    "change_message": "[{\"added\": {}}]"
  }
},
{
  "model": "admin.logentry",
  "pk": 276,
  "fields": {
    "action_time": "2025-02-25T18:45:59.404Z",
    "user": [
      "Alva"
    ],
    "content_type": [
      "app",
      "fotosproduto"
    ],
    "object_id": "40",
    "object_repr": "Teste 2 da API pra lançamento de produto: 2",
    "action_flag": 3,
    "change_message": ""
  }
},
{
  "model": "admin.logentry",
  "pk": 277,
  "fields": {
    "action_time": "2025-02-25T18:46:12.712Z",
    "user": [
      "Alva"
    ],
    "content_type": [
      "app",
      "fotosproduto"
    ],
    "object_id": "41",
    "object_repr": "Teste 2 da API pra lançamento de produto: 2",
    "action_flag": 1,
    "change_message": "[{\"added\": {}}]"
  }
},
{
  "model": "admin.logentry",
  "pk": 278,
  "fields": {
    "action_time": "2025-02-25T18:46:18.237Z",
    "user": [
      "Alva"
    ],
    "content_type": [
      "app",
      "fotosproduto"
    ],
    "object_id": "41",
    "object_repr": "Teste 2 da API pra lançamento de produto: 2",
    "action_flag": 3,
    "change_message": ""
  }
},
{
  "model": "admin.logentry",
  "pk": 279,
  "fields": {
    "action_time": "2025-02-25T18:46:26.525Z",
    "user": [
      "Alva"
    ],
    "content_type": [
      "app",
      "produto"
    ],
    "object_id": "14",
    "object_repr": "Teste 2 da API pra lançamento de produto",
    "action_flag": 2,
    "change_message": "[{\"changed\": {\"fields\": [\"Num fotos\"]}}]"
  }
},
{
  "model": "admin.logentry",
  "pk": 280,
  "fields": {
    "action_time": "2025-02-25T18:48:10.372Z",
    "user": [
      "Alva"
    ],
    "content_type": [
      "app",
      "fotosproduto"
    ],
    "object_id": "42",
    "object_repr": "Teste 2 da API pra lançamento de produto: 2",
    "action_flag": 1,
    "change_message": "[{\"added\": {}}]"
  }
},
{
  "model": "admin.logentry",
  "pk": 281,
  "fields": {
    "action_time": "2025-02-25T18:48:15.829Z",
    "user": [
      "Alva"
    ],
    "content_type": [
      "app",
      "fotosproduto"
    ],
    "object_id": "42",
    "object_repr": "Teste 2 da API pra lançamento de produto: 2",
    "action_flag": 3,
    "change_message": ""
  }
},
{
  "model": "admin.logentry",
  "pk": 282,
  "fields": {
    "action_time": "2025-02-25T18:48:23.678Z",
    "user": [
      "Alva"
    ],
    "content_type": [
      "app",
      "produto"
    ],
    "object_id": "14",
    "object_repr": "Teste 2 da API pra lançamento de produto",
    "action_flag": 2,
    "change_message": "[{\"changed\": {\"fields\": [\"Num fotos\"]}}]"
  }
},
{
  "model": "admin.logentry",
  "pk": 283,
  "fields": {
    "action_time": "2025-02-25T18:51:32.697Z",
    "user": [
      "Alva"
    ],
    "content_type": [
      "app",
      "fotosproduto"
    ],
    "object_id": "43",
    "object_repr": "Teste 2 da API pra lançamento de produto: 2",
    "action_flag": 1,
    "change_message": "[{\"added\": {}}]"
  }
},
{
  "model": "admin.logentry",
  "pk": 284,
  "fields": {
    "action_time": "2025-02-25T18:51:37.779Z",
    "user": [
      "Alva"
    ],
    "content_type": [
      "app",
      "fotosproduto"
    ],
    "object_id": "43",
    "object_repr": "Teste 2 da API pra lançamento de produto: 2",
    "action_flag": 3,
    "change_message": ""
  }
},
{
  "model": "admin.logentry",
  "pk": 285,
  "fields": {
    "action_time": "2025-02-25T18:53:35.445Z",
    "user": [
      "Alva"
    ],
    "content_type": [
      "app",
      "produto"
    ],
    "object_id": "14",
    "object_repr": "Teste 2 da API pra lançamento de produto",
    "action_flag": 2,
    "change_message": "[{\"changed\": {\"fields\": [\"Image\"]}}]"
  }
},
{
  "model": "admin.logentry",
  "pk": 286,
  "fields": {
    "action_time": "2025-03-06T18:31:50.809Z",
    "user": [
      "Alva"
    ],
    "content_type": [
      "app",
      "produto"
    ],
    "object_id": "15",
    "object_repr": "Teste 1 da api de upload em massa",
    "action_flag": 2,
    "change_message": "[{\"changed\": {\"fields\": [\"Image\"]}}]"
  }
},
{
  "model": "admin.logentry",
  "pk": 287,
  "fields": {
    "action_time": "2025-03-06T18:32:01.505Z",
    "user": [
      "Alva"
    ],
    "content_type": [
      "app",
      "produto"
    ],
    "object_id": "16",
    "object_repr": "Teste 2 da api de upload em massa",
    "action_flag": 2,
    "change_message": "[{\"changed\": {\"fields\": [\"Image\"]}}]"
  }
},
{
  "model": "admin.logentry",
  "pk": 288,
  "fields": {
    "action_time": "2025-03-06T18:50:58.215Z",
    "user": [
      "Alva"
    ],
    "content_type": [
      "app",
      "produto"
    ],
    "object_id": "18",
    "object_repr": "Teste 4 da api de upload em massa",
    "action_flag": 3,
    "change_message": ""
  }
},
{
  "model": "admin.logentry",
  "pk": 289,
  "fields": {
    "action_time": "2025-03-06T18:50:58.222Z",
    "user": [
      "Alva"
    ],
    "content_type": [
      "app",
      "produto"
    ],
    "object_id": "17",
    "object_repr": "Teste 3 da api de upload em massa",
    "action_flag": 3,
    "change_message": ""
  }
},
{
  "model": "admin.logentry",
  "pk": 290,
  "fields": {
    "action_time": "2025-03-06T20:01:39.282Z",
    "user": [
      "Alva"
    ],
    "content_type": [
      "app",
      "produto"
    ],
    "object_id": "20",
    "object_repr": "Teste 4 da api de upload em massa",
    "action_flag": 3,
    "change_message": ""
  }
},
{
  "model": "admin.logentry",
  "pk": 291,
  "fields": {
    "action_time": "2025-03-06T20:01:39.290Z",
    "user": [
      "Alva"
    ],
    "content_type": [
      "app",
      "produto"
    ],
    "object_id": "19",
    "object_repr": "Teste 3 da api de upload em massa",
    "action_flag": 3,
    "change_message": ""
  }
},
{
  "model": "admin.logentry",
  "pk": 292,
  "fields": {
    "action_time": "2025-03-07T17:50:51.622Z",
    "user": [
      "Alva"
    ],
    "content_type": [
      "app",
      "produto"
    ],
    "object_id": "22",
    "object_repr": "Teste 4 da api de upload em massa",
    "action_flag": 3,
    "change_message": ""
  }
},
{
  "model": "admin.logentry",
  "pk": 293,
  "fields": {
    "action_time": "2025-03-07T17:50:51.629Z",
    "user": [
      "Alva"
    ],
    "content_type": [
      "app",
      "produto"
    ],
    "object_id": "21",
    "object_repr": "Teste 3 da api de upload em massa",
    "action_flag": 3,
    "change_message": ""
  }
},
{
  "model": "admin.logentry",
  "pk": 294,
  "fields": {
    "action_time": "2025-03-07T17:52:11.295Z",
    "user": [
      "Alva"
    ],
    "content_type": [
      "app",
      "produto"
    ],
    "object_id": "18",
    "object_repr": "Teste 4 da api de upload em massa",
    "action_flag": 3,
    "change_message": ""
  }
},
{
  "model": "admin.logentry",
  "pk": 295,
  "fields": {
    "action_time": "2025-03-07T17:52:11.303Z",
    "user": [
      "Alva"
    ],
    "content_type": [
      "app",
      "produto"
    ],
    "object_id": "17",
    "object_repr": "Teste 3 da api de upload em massa",
    "action_flag": 3,
    "change_message": ""
  }
},
{
  "model": "admin.logentry",
  "pk": 296,
  "fields": {
    "action_time": "2025-03-07T19:40:27.159Z",
    "user": [
      "Alva"
    ],
    "content_type": [
      "app",
      "produto"
    ],
    "object_id": "16",
    "object_repr": "Teste 2 da api de upload em massa",
    "action_flag": 3,
    "change_message": ""
  }
},
{
  "model": "admin.logentry",
  "pk": 297,
  "fields": {
    "action_time": "2025-03-07T19:40:27.166Z",
    "user": [
      "Alva"
    ],
    "content_type": [
      "app",
      "produto"
    ],
    "object_id": "15",
    "object_repr": "Teste 1 da api de upload em massa",
    "action_flag": 3,
    "change_message": ""
  }
},
{
  "model": "admin.logentry",
  "pk": 298,
  "fields": {
    "action_time": "2025-03-08T01:01:25.017Z",
    "user": [
      "Alva"
    ],
    "content_type": [
      "app",
      "produto"
    ],
    "object_id": "14",
    "object_repr": "Teste 2 da API pra lançamento de produto",
    "action_flag": 3,
    "change_message": ""
  }
},
{
  "model": "admin.logentry",
  "pk": 299,
  "fields": {
    "action_time": "2025-03-08T01:01:25.025Z",
    "user": [
      "Alva"
    ],
    "content_type": [
      "app",
      "produto"
    ],
    "object_id": "13",
    "object_repr": "Teste da API pra lançamento de produto",
    "action_flag": 3,
    "change_message": ""
  }
},
{
  "model": "admin.logentry",
  "pk": 300,
  "fields": {
    "action_time": "2025-03-08T01:04:57.996Z",
    "user": [
      "Alva"
    ],
    "content_type": [
      "app",
      "produto"
    ],
    "object_id": "25",
    "object_repr": "Teste da API pra lançamento de produto",
    "action_flag": 2,
    "change_message": "[{\"changed\": {\"fields\": [\"Descricao\", \"Titulo\"]}}]"
  }
},
{
  "model": "admin.logentry",
  "pk": 301,
  "fields": {
    "action_time": "2025-03-08T01:05:11.100Z",
    "user": [
      "Alva"
    ],
    "content_type": [
      "app",
      "produto"
    ],
    "object_id": "26",
    "object_repr": "Teste 2 da API pra lançamento de produto",
    "action_flag": 2,
    "change_message": "[{\"changed\": {\"fields\": [\"Descricao\", \"Titulo\"]}}]"
  }
},
{
  "model": "admin.logentry",
  "pk": 302,
  "fields": {
    "action_time": "2025-03-10T18:34:51.946Z",
    "user": [
      "Alva"
    ],
    "content_type": [
      "app",
      "produto"
    ],
    "object_id": "28",
    "object_repr": "Teste 5 da API pra lançamento de produto",
    "action_flag": 3,
    "change_message": ""
  }
},
{
  "model": "admin.logentry",
  "pk": 303,
  "fields": {
    "action_time": "2025-03-10T18:34:51.953Z",
    "user": [
      "Alva"
    ],
    "content_type": [
      "app",
      "produto"
    ],
    "object_id": "27",
    "object_repr": "Teste 4 da API pra lançamento de produto",
    "action_flag": 3,
    "change_message": ""
  }
},
{
  "model": "admin.logentry",
  "pk": 304,
  "fields": {
    "action_time": "2025-03-17T18:35:18.948Z",
    "user": [
      "Alva"
    ],
    "content_type": [
      "app",
      "produto"
    ],
    "object_id": "29",
    "object_repr": "Teste pra upload sem imagem",
    "action_flag": 1,
    "change_message": "[{\"added\": {}}]"
  }
},
{
  "model": "admin.logentry",
  "pk": 305,
  "fields": {
    "action_time": "2025-03-22T23:18:42.421Z",
    "user": [
      "Alva"
    ],
    "content_type": [
      "auth",
      "user"
    ],
    "object_id": "28",
    "object_repr": "jggenio@gmail.com",
    "action_flag": 3,
    "change_message": ""
  }
},
{
  "model": "admin.logentry",
  "pk": 306,
  "fields": {
    "action_time": "2025-03-22T23:18:42.429Z",
    "user": [
      "Alva"
    ],
    "content_type": [
      "auth",
      "user"
    ],
    "object_id": "29",
    "object_repr": "joao.g.m.alvarez@gmail.com",
    "action_flag": 3,
    "change_message": ""
  }
},
{
  "model": "admin.logentry",
  "pk": 307,
  "fields": {
    "action_time": "2025-03-23T00:24:44.984Z",
    "user": [
      "Alva"
    ],
    "content_type": [
      "auth",
      "user"
    ],
    "object_id": "30",
    "object_repr": "jggenio@gmail.com",
    "action_flag": 3,
    "change_message": ""
  }
},
{
  "model": "admin.logentry",
  "pk": 308,
  "fields": {
    "action_time": "2025-03-23T00:26:07.232Z",
    "user": [
      "Alva"
    ],
    "content_type": [
      "auth",
      "user"
    ],
    "object_id": "31",
    "object_repr": "jggenio@gmail.com",
    "action_flag": 3,
    "change_message": ""
  }
},
{
  "model": "admin.logentry",
  "pk": 309,
  "fields": {
    "action_time": "2025-03-23T00:35:06.040Z",
    "user": [
      "Alva"
    ],
    "content_type": [
      "auth",
      "user"
    ],
    "object_id": "32",
    "object_repr": "jggenio@gmail.com",
    "action_flag": 3,
    "change_message": ""
  }
},
{
  "model": "admin.logentry",
  "pk": 310,
  "fields": {
    "action_time": "2025-03-23T00:37:10.473Z",
    "user": [
      "Alva"
    ],
    "content_type": [
      "auth",
      "user"
    ],
    "object_id": "33",
    "object_repr": "jggenio@gmail.com",
    "action_flag": 3,
    "change_message": ""
  }
},
{
  "model": "admin.logentry",
  "pk": 311,
  "fields": {
    "action_time": "2025-03-23T00:37:16.850Z",
    "user": [
      "Alva"
    ],
    "content_type": [
      "app",
      "cliente"
    ],
    "object_id": "20",
    "object_repr": "Test Test",
    "action_flag": 2,
    "change_message": "[{\"changed\": {\"fields\": [\"Verificado\"]}}]"
  }
},
{
  "model": "admin.logentry",
  "pk": 312,
  "fields": {
    "action_time": "2025-03-23T00:37:22.551Z",
    "user": [
      "Alva"
    ],
    "content_type": [
      "app",
      "cliente"
    ],
    "object_id": "19",
    "object_repr": "Casa HG",
    "action_flag": 2,
    "change_message": "[{\"changed\": {\"fields\": [\"Verificado\"]}}]"
  }
},
{
  "model": "admin.logentry",
  "pk": 313,
  "fields": {
    "action_time": "2025-03-23T00:37:26.764Z",
    "user": [
      "Alva"
    ],
    "content_type": [
      "app",
      "cliente"
    ],
    "object_id": "17",
    "object_repr": "Alva Test",
    "action_flag": 2,
    "change_message": "[{\"changed\": {\"fields\": [\"Verificado\"]}}]"
  }
},
{
  "model": "admin.logentry",
  "pk": 314,
  "fields": {
    "action_time": "2025-03-23T00:37:39.738Z",
    "user": [
      "Alva"
    ],
    "content_type": [
      "app",
      "cliente"
    ],
    "object_id": "16",
    "object_repr": "João Guimarães",
    "action_flag": 2,
    "change_message": "[{\"changed\": {\"fields\": [\"Verificado\"]}}]"
  }
},
{
  "model": "admin.logentry",
  "pk": 315,
  "fields": {
    "action_time": "2025-03-23T21:33:43.006Z",
    "user": [
      "Alva"
    ],
    "content_type": [
      "app",
      "cliente"
    ],
    "object_id": "17",
    "object_repr": "Alva Test",
    "action_flag": 2,
    "change_message": "[{\"changed\": {\"fields\": [\"Verificado\"]}}]"
  }
},
{
  "model": "admin.logentry",
  "pk": 316,
  "fields": {
    "action_time": "2025-03-23T22:02:54.065Z",
    "user": [
      "Alva"
    ],
    "content_type": [
      "app",
      "cliente"
    ],
    "object_id": "17",
    "object_repr": "Alva Test",
    "action_flag": 2,
    "change_message": "[{\"changed\": {\"fields\": [\"Verificado\"]}}]"
  }
},
{
  "model": "admin.logentry",
  "pk": 317,
  "fields": {
    "action_time": "2025-03-24T17:57:24.080Z",
    "user": [
      "Alva"
    ],
    "content_type": [
      "app",
      "produto"
    ],
    "object_id": "34",
    "object_repr": "Giratina",
    "action_flag": 3,
    "change_message": ""
  }
},
{
  "model": "admin.logentry",
  "pk": 318,
  "fields": {
    "action_time": "2025-03-26T20:14:14.970Z",
    "user": [
      "Alva"
    ],
    "content_type": [
      "app",
      "categoria"
    ],
    "object_id": "3",
    "object_repr": "3- Pisos Ceramicos",
    "action_flag": 2,
    "change_message": "[{\"changed\": {\"fields\": [\"Titulo\"]}}]"
  }
},
{
  "model": "admin.logentry",
  "pk": 319,
  "fields": {
    "action_time": "2025-03-26T20:21:36.277Z",
    "user": [
      "Alva"
    ],
    "content_type": [
      "app",
      "categoria"
    ],
    "object_id": "3",
    "object_repr": "3- Pisos Cerâmicos",
    "action_flag": 2,
    "change_message": "[{\"changed\": {\"fields\": [\"Titulo\"]}}]"
  }
},
{
  "model": "admin.logentry",
  "pk": 320,
  "fields": {
    "action_time": "2025-03-26T20:50:01.570Z",
    "user": [
      "Alva"
    ],
    "content_type": [
      "app",
      "produto"
    ],
    "object_id": "36",
    "object_repr": "PISO ALFAGRES 45700 ARBE A CX2,01 PEI4 45X45 MARANHAO",
    "action_flag": 3,
    "change_message": ""
  }
},
{
  "model": "admin.logentry",
  "pk": 321,
  "fields": {
    "action_time": "2025-03-26T20:50:01.594Z",
    "user": [
      "Alva"
    ],
    "content_type": [
      "app",
      "produto"
    ],
    "object_id": "35",
    "object_repr": "Giratina",
    "action_flag": 3,
    "change_message": ""
  }
},
{
  "model": "admin.logentry",
  "pk": 322,
  "fields": {
    "action_time": "2025-03-26T20:50:01.615Z",
    "user": [
      "Alva"
    ],
    "content_type": [
      "app",
      "produto"
    ],
    "object_id": "33",
    "object_repr": "SeiLa5",
    "action_flag": 3,
    "change_message": ""
  }
},
{
  "model": "admin.logentry",
  "pk": 323,
  "fields": {
    "action_time": "2025-03-26T20:50:01.631Z",
    "user": [
      "Alva"
    ],
    "content_type": [
      "app",
      "produto"
    ],
    "object_id": "32",
    "object_repr": "SeiLa4",
    "action_flag": 3,
    "change_message": ""
  }
},
{
  "model": "admin.logentry",
  "pk": 324,
  "fields": {
    "action_time": "2025-03-26T20:50:01.649Z",
    "user": [
      "Alva"
    ],
    "content_type": [
      "app",
      "produto"
    ],
    "object_id": "31",
    "object_repr": "SeiLa3",
    "action_flag": 3,
    "change_message": ""
  }
},
{
  "model": "admin.logentry",
  "pk": 325,
  "fields": {
    "action_time": "2025-03-26T20:50:01.667Z",
    "user": [
      "Alva"
    ],
    "content_type": [
      "app",
      "produto"
    ],
    "object_id": "30",
    "object_repr": "SeiLa2",
    "action_flag": 3,
    "change_message": ""
  }
},
{
  "model": "admin.logentry",
  "pk": 326,
  "fields": {
    "action_time": "2025-03-26T20:50:01.686Z",
    "user": [
      "Alva"
    ],
    "content_type": [
      "app",
      "produto"
    ],
    "object_id": "29",
    "object_repr": "Teste pra upload sem imagem",
    "action_flag": 3,
    "change_message": ""
  }
},
{
  "model": "admin.logentry",
  "pk": 327,
  "fields": {
    "action_time": "2025-03-26T20:50:01.704Z",
    "user": [
      "Alva"
    ],
    "content_type": [
      "app",
      "produto"
    ],
    "object_id": "26",
    "object_repr": "Teste 2 da API pra lançamento de produto",
    "action_flag": 3,
    "change_message": ""
  }
},
{
  "model": "admin.logentry",
  "pk": 328,
  "fields": {
    "action_time": "2025-03-26T20:50:01.723Z",
    "user": [
      "Alva"
    ],
    "content_type": [
      "app",
      "produto"
    ],
    "object_id": "25",
    "object_repr": "Teste da API pra lançamento de produto",
    "action_flag": 3,
    "change_message": ""
  }
},
{
  "model": "admin.logentry",
  "pk": 329,
  "fields": {
    "action_time": "2025-03-26T20:50:01.742Z",
    "user": [
      "Alva"
    ],
    "content_type": [
      "app",
      "produto"
    ],
    "object_id": "24",
    "object_repr": "Teste 3 da API pra lançamento de produto",
    "action_flag": 3,
    "change_message": ""
  }
},
{
  "model": "admin.logentry",
  "pk": 330,
  "fields": {
    "action_time": "2025-03-26T20:50:01.760Z",
    "user": [
      "Alva"
    ],
    "content_type": [
      "app",
      "produto"
    ],
    "object_id": "23",
    "object_repr": "Teste 5 da api de update em massa",
    "action_flag": 3,
    "change_message": ""
  }
},
{
  "model": "admin.logentry",
  "pk": 331,
  "fields": {
    "action_time": "2025-03-26T20:50:01.779Z",
    "user": [
      "Alva"
    ],
    "content_type": [
      "app",
      "produto"
    ],
    "object_id": "22",
    "object_repr": "Teste 4 da api de upload em massa",
    "action_flag": 3,
    "change_message": ""
  }
},
{
  "model": "admin.logentry",
  "pk": 332,
  "fields": {
    "action_time": "2025-03-26T20:50:01.796Z",
    "user": [
      "Alva"
    ],
    "content_type": [
      "app",
      "produto"
    ],
    "object_id": "21",
    "object_repr": "Teste 3 da api de upload em massa",
    "action_flag": 3,
    "change_message": ""
  }
},
{
  "model": "admin.logentry",
  "pk": 333,
  "fields": {
    "action_time": "2025-03-26T20:50:01.815Z",
    "user": [
      "Alva"
    ],
    "content_type": [
      "app",
      "produto"
    ],
    "object_id": "20",
    "object_repr": "Teste 2 da api de upload em massa",
    "action_flag": 3,
    "change_message": ""
  }
},
{
  "model": "admin.logentry",
  "pk": 334,
  "fields": {
    "action_time": "2025-03-26T20:50:01.834Z",
    "user": [
      "Alva"
    ],
    "content_type": [
      "app",
      "produto"
    ],
    "object_id": "19",
    "object_repr": "Teste 1 da api de upload em massa",
    "action_flag": 3,
    "change_message": ""
  }
},
{
  "model": "admin.logentry",
  "pk": 335,
  "fields": {
    "action_time": "2025-03-27T11:37:47.252Z",
    "user": [
      "admin"
    ],
    "content_type": [
      "app",
      "categoria"
    ],
    "object_id": "6",
    "object_repr": "6- Rejuntes",
    "action_flag": 1,
    "change_message": "[{\"added\": {}}]"
  }
},
{
  "model": "admin.logentry",
  "pk": 336,
  "fields": {
    "action_time": "2025-03-27T21:00:53.508Z",
    "user": [
      "admin"
    ],
    "content_type": [
      "app",
      "produto"
    ],
    "object_id": "45",
    "object_repr": "PISO ALFAGRES 45902 ARBE A CX2,01 PEI2 45X45 BLACK",
    "action_flag": 3,
    "change_message": ""
  }
},
{
  "model": "admin.logentry",
  "pk": 337,
  "fields": {
    "action_time": "2025-03-28T16:18:41.647Z",
    "user": [
      "admin"
    ],
    "content_type": [
      "app",
      "produto"
    ],
    "object_id": "49",
    "object_repr": "Teste 5 da api de update em massa",
    "action_flag": 3,
    "change_message": ""
  }
},
{
  "model": "admin.logentry",
  "pk": 338,
  "fields": {
    "action_time": "2025-03-28T16:20:34.496Z",
    "user": [
      "admin"
    ],
    "content_type": [
      "app",
      "produto"
    ],
    "object_id": "51",
    "object_repr": "vai se fuder guilherme",
    "action_flag": 3,
    "change_message": ""
  }
},
{
  "model": "admin.logentry",
  "pk": 339,
  "fields": {
    "action_time": "2025-03-31T19:11:18.172Z",
    "user": [
      "admin"
    ],
    "content_type": [
      "app",
      "categoria"
    ],
    "object_id": "3",
    "object_repr": "3- Cerâmicas",
    "action_flag": 2,
    "change_message": "[{\"changed\": {\"fields\": [\"Titulo\", \"Slug\"]}}]"
  }
}
]
